unique_id,Chow..1,Chow..2,Chow..3,Chow..4,Chow..5,Chow..6,Chow..7,Chow..8,Chow..9,Chow..10,Chow..11,Chow..12,Chow..13,Chow..14,Chow..15,Chow..16,Chow..17,Chow..18,Chow..19,Chow..20,Chow..21,Blank.1,Blank.2,Blank.3,High.Fat..1,High.Fat..2,High.Fat..3,High.Fat..4,High.Fat..5,High.Fat..6,High.Fat..7,High.Fat..8,High.Fat..9,High.Fat..10,High.Fat..11,High.Fat..12,High.Fat..13,High.Fat..14,High.Fat..15,High.Fat..16,High.Fat..17,High.Fat..18,QC.1,QC.2,QC.3,QC.4,QC.5,QC.6,QC.7
label,Chow,Chow,Chow,Chow,Chow,Chow,Chow,Chow,Chow,Chow,Chow,Chow,Chow,Chow,Chow,Chow,Chow,Chow,Chow,Chow,Chow,Blank,Blank,Blank,High,High,High,High,High,High,High,High,High,High,High,High,High,High,High,High,High,High,QC,QC,QC,QC,QC,QC,QC
"neg_2988-Tritriacontane-16,18-dione",1.3534,1.3365,1.3387,0.5792,0.5841000000000001,0.5749000000000001,1.0842,1.0503,1.0941,1.6176,1.6307,1.5926,1.5314,1.49,1.5984,0.7311000000000001,0.6834,0.7065,0.1262,0.38,0.38580000000000003,0.0907,0.1615,0.1187,0.429,0.4294,0.3987,0.4365,0.20670000000000002,0.4479,0.3483,0.3468,0.3551,0.3123,0.329,0.2963,0.32330000000000003,0.3078,0.3024,0.3337,0.35660000000000003,0.3563,0.5918,0.5854,0.616,0.614,0.5957,0.6037,0.5995
neg_6843-SM(d18:1/14:0),0.2139,0.225,0.20120000000000002,0.11220000000000001,0.1068,0.1148,0.5952000000000001,0.6089,0.5869,0.5519000000000001,0.5805,0.5637,0.842,0.8024,0.8345,0.4183,0.42910000000000004,0.438,0.316,0.31870000000000004,0.3169,0.0413,0.0734,0.041100000000000005,0.6658000000000001,0.5839,0.8122,0.418,0.3779,0.36860000000000004,0.5836,0.5698,0.6213000000000001,1.2319,1.2024,1.3673,1.0565,1.1052,1.0476,1.4167,1.3805,1.2909,0.4123,0.40740000000000004,0.39740000000000003,0.4133,0.3947,0.3976,0.3879
neg_8671-1-O-(alpha-D-galactopyranosyl)-N-pamitoylphytosphingosine,2.5044,2.1345,2.5421,3.5604,3.6188000000000002,3.6019,3.6455,3.6673,3.6855,1.9302000000000001,2.0929,2.0084,2.093,2.0232,2.1273,2.1778,1.903,2.2337,1.2851,1.7027999999999999,1.7101000000000002,0.039400000000000004,0.116,0.0932,0.47790000000000005,0.515,0.31570000000000004,0.4974,0.6366,0.5554,0.6256,0.6174000000000001,0.5819,0.36510000000000004,0.3714,0.28800000000000003,0.43670000000000003,0.3524,0.4292,0.2969,0.3593,0.406,2.3725,2.5437000000000003,2.7668,2.7478,2.8061,2.8073,2.8718
neg_6045-Cer(d18:0/20:0),0.5746,0.5497000000000001,0.5664,0.426,0.40950000000000003,0.4315,0.3277,0.3302,0.3195,0.2611,0.2599,0.2674,0.34790000000000004,0.37160000000000004,0.36960000000000004,0.7879,0.7781,0.8191,0.7578,0.7837000000000001,0.7797000000000001,0.052500000000000005,0.0912,0.1389,0.7533000000000001,0.7283000000000001,0.6653,0.5935,0.1598,0.6011000000000001,0.48650000000000004,0.4938,0.501,0.6904,0.7197,0.6759000000000001,1.4131,1.3703,1.401,1.3033000000000001,1.4643000000000002,1.4401000000000002,0.5124000000000001,0.5121,0.5103,0.5153,0.5129,0.5077,0.5101
neg_4162-UNPD110800,0.056600000000000004,0.0526,0.0516,0.0514,0.048400000000000006,0.048400000000000006,0.0644,0.0654,0.0728,0.1033,0.1048,0.10250000000000001,0.0809,0.0751,0.0804,0.0279,0.028800000000000003,0.0267,0.0409,0.032,0.030500000000000003,0.014,0.027800000000000002,0.0166,0.22640000000000002,0.219,0.22870000000000001,0.23170000000000002,0.2716,0.2467,0.306,0.297,0.3003,0.2515,0.2555,0.2543,0.375,0.3687,0.36460000000000004,0.5668000000000001,0.5172,0.5093,0.1233,0.1197,0.1208,0.1192,0.11610000000000001,0.12340000000000001,0.113
neg_2774-tetradecyl oleate,2.5869,2.4861,2.5267,1.363,1.3112,1.3246,1.5917,1.5537,1.6065,1.6294,1.7067,1.6499000000000001,1.8722,1.8275000000000001,1.9796,1.7768000000000002,1.7996,1.8422,0.30710000000000004,1.0855,1.1491,0.13870000000000002,0.7063,0.7312000000000001,1.9338000000000002,1.8711000000000002,1.8668,2.2229,2.2359,2.1831,1.5446,1.5148000000000001,1.5457,1.3585,1.4106,1.3569,1.3185,1.2429999999999999,1.2333,1.1163,1.2295,1.1658,1.2649,1.2928,1.256,1.3263,1.2793,1.3253,1.3405
neg_2321-2-Deoxycastasterone,1.1662,1.1634,1.135,0.9743,0.9837,0.9907,2.2064,2.1646,2.1955999999999998,1.8647,1.8672,1.8769,2.077,2.0503,2.1387,0.4511,0.45420000000000005,0.4499,0.4504,0.47950000000000004,0.47240000000000004,0.0391,0.1287,0.0719,1.4529,1.4078,1.327,1.504,1.5248,1.4682,1.6756,1.6622,1.6682000000000001,1.5887,1.5739,1.6108,2.4968,2.5234,2.5124,2.5137,2.7375,2.6866,1.3199,1.2931,1.2863,1.2984,1.2756,1.2779,1.2816
"neg_2295-(3beta,5alpha,6beta,7alpha,22E,24R)-Ergosta-8,22-diene-3,5,6,7-tetrol",2.6616,2.4936,2.6306000000000003,1.8155999999999999,1.7784,1.8521,2.4264,2.4296,2.4448,1.888,1.9732,1.9034,2.6097,2.5562,2.66,1.4849,1.4968,1.6001,1.9758,1.9178000000000002,1.9368,0.1193,0.1145,0.11460000000000001,1.0033,0.9611000000000001,0.9574,1.2439,1.2763,1.2483,1.8515000000000001,1.8536000000000001,1.9632,2.2821,2.2809,2.425,1.9217,1.8034,1.96,2.3296,2.6255,2.4318,1.7324000000000002,1.7473,1.7701,1.7753,1.7031,1.7542,1.7048
neg_11366,0.0035,0.0039000000000000003,0.0036000000000000003,0.0048000000000000004,0.0032,0.0025,0.0021000000000000003,0.0023,0.0031000000000000003,0.0032,0.0024000000000000002,0.0018000000000000002,0.0053,0.0045000000000000005,0.0067,0.0054,0.0041,0.0074,0.0009000000000000001,0.0049,0.008,0.005,0.0077,0.010700000000000001,0.057,0.0585,0.0472,0.06,0.0351,0.059800000000000006,0.0775,0.0818,0.08020000000000001,0.061200000000000004,0.06570000000000001,0.0572,0.0194,0.016800000000000002,0.0199,0.0176,0.023,0.0264,0.0134,0.0143,0.015600000000000001,0.0142,0.0146,0.015,0.016300000000000002
neg_6046-LMCer-2-7,0.5746,0.5497000000000001,0.5664,0.426,0.40950000000000003,0.4315,0.3277,0.3302,0.3195,0.2611,0.2599,0.2674,0.34790000000000004,0.37160000000000004,0.36960000000000004,0.7879,0.46590000000000004,0.8191,0.7578,0.7837000000000001,0.7797000000000001,0.1307,0.1332,0.1389,0.7533000000000001,0.7283000000000001,0.6653,0.5935,0.6425000000000001,0.6011000000000001,0.48650000000000004,0.4938,0.501,0.6904,0.7197,0.6759000000000001,1.4131,1.3703,1.401,1.3033000000000001,1.4643000000000002,1.4401000000000002,0.5124000000000001,0.5121,0.5103,0.302,0.5129,0.5077,0.5101
neg_1165-Tetracosahexaenoic acid,0.3254,0.3312,0.3204,0.179,0.1752,0.1705,0.2195,0.21880000000000002,0.2222,0.165,0.18180000000000002,0.18280000000000002,0.1373,0.1393,0.14300000000000002,0.0785,0.0784,0.0819,0.0555,0.0611,0.0585,0.0,0.0131,0.003,0.0898,0.0849,0.09380000000000001,0.0902,0.0881,0.0868,0.0775,0.07440000000000001,0.0746,0.0897,0.09970000000000001,0.0949,0.0463,0.0465,0.049300000000000004,0.0524,0.048600000000000004,0.0495,0.09960000000000001,0.1013,0.1057,0.10640000000000001,0.1078,0.1044,0.10590000000000001
neg_1175-22-Hydroxydocosanoic acid,1.1693,1.6926,0.8179000000000001,1.1063,0.9915,1.2653,1.1272,0.9541000000000001,1.2613,0.7107,0.523,0.6226,1.0389,1.0451,0.8694000000000001,1.3002,1.2752,0.9703,0.6413,0.6316,0.6129,0.1471,0.0824,0.11280000000000001,0.9775,0.9229,1.0422,0.3844,0.3961,0.3808,0.335,0.336,0.3373,0.7764000000000001,0.7746000000000001,0.8382000000000001,0.21610000000000001,0.09290000000000001,0.2109,0.5456,0.5517000000000001,0.5617,1.546,1.5707,1.0401,0.8666,1.5196,1.0292,0.8887
pos_1879-Pantothenic acid,1.5462,1.5408,1.6864,2.1508,2.1689,2.2243,3.4137,3.5464,3.672,5.0839,5.3261,5.2324,3.8123,3.8057,3.7314,1.1958,1.0891,1.1618,0.9504,1.0512,1.095,0.0,0.0332,0.0347,1.3283,1.2495,1.3277,1.7722,1.7024,1.8267,0.8111,0.7553000000000001,0.7974,0.8779,0.892,0.875,0.6583,0.6802,0.6621,0.35760000000000003,0.32330000000000003,0.3116,2.3769,2.4392,2.5525,2.4175,2.4418,2.4465,2.5859
neg_4203-UNPD173525,0.11420000000000001,0.1051,0.1057,0.08080000000000001,0.0821,0.0792,0.10010000000000001,0.1044,0.10650000000000001,0.1739,0.17650000000000002,0.1683,0.14400000000000002,0.1391,0.1505,0.0637,0.0645,0.062400000000000004,0.053700000000000005,0.0613,0.066,0.0188,0.023700000000000002,0.037700000000000004,0.6647000000000001,0.6642,0.6772,0.7631,0.6542,0.7865000000000001,0.9418000000000001,0.9540000000000001,0.9684,0.8705,0.86,0.854,1.58,1.5551,1.5608,2.282,2.3683,2.3838,0.2853,0.2888,0.29610000000000003,0.2985,0.28390000000000004,0.29550000000000004,0.28800000000000003
neg_3118-Trihydroxycoprostanoic acid,0.24680000000000002,0.23040000000000002,0.233,0.3542,0.34700000000000003,0.3542,0.3992,0.3986,0.4126,0.2722,0.2792,0.26940000000000003,0.38680000000000003,0.3879,0.4006,0.1482,0.14830000000000002,0.15760000000000002,0.1633,0.1875,0.196,0.0198,0.0262,0.0402,0.137,0.1363,0.1398,0.233,0.2676,0.2422,0.30810000000000004,0.2842,0.2952,0.198,0.20800000000000002,0.1608,0.4166,0.32630000000000003,0.40690000000000004,0.25930000000000003,0.3114,0.3265,0.2902,0.29660000000000003,0.303,0.3159,0.31220000000000003,0.3191,0.3292
"neg_4834-DG(16:1(9Z)/18:2(9Z,12Z)/0:0)",0.17370000000000002,0.16670000000000001,0.17070000000000002,0.0896,0.09140000000000001,0.089,0.11670000000000001,0.11670000000000001,0.117,0.1223,0.12340000000000001,0.1268,0.14730000000000001,0.1438,0.14880000000000002,0.0637,0.0634,0.0663,0.049100000000000005,0.0459,0.048,0.0043,0.014400000000000001,0.0152,0.0847,0.0824,0.0729,0.5481,0.5651,0.5397000000000001,0.4551,0.44430000000000003,0.45530000000000004,0.1405,0.1458,0.1462,0.2731,0.2635,0.2616,0.34490000000000004,0.37610000000000005,0.3562,0.1567,0.1555,0.15710000000000002,0.1622,0.1573,0.155,0.155
"neg_4491-DG(15:0/18:3(9Z,12Z,15Z)/0:0)",0.4843,0.5269,0.48140000000000005,0.3378,0.3335,0.3372,0.503,0.4998,0.5175000000000001,0.7789,0.7294,0.7183,0.4773,0.4867,0.49520000000000003,0.2878,0.3022,0.2968,0.3261,0.3125,0.3118,0.0379,0.0521,0.1042,0.10310000000000001,0.1052,0.1072,0.2818,0.3003,0.2685,0.28340000000000004,0.3079,0.2847,0.2513,0.25570000000000004,0.24630000000000002,0.1889,0.179,0.1806,0.22590000000000002,0.2432,0.2361,0.329,0.3317,0.32230000000000003,0.32180000000000003,0.3149,0.31320000000000003,0.3129
pos_598-Hypoxanthine,9.9688,10.2753,10.8083,10.2313,10.2561,10.0528,6.8189,6.8597,6.9087,6.8157,6.7446,6.7429,6.2462,6.3474,6.2292,8.9891,9.0842,9.1364,10.4425,9.2704,10.0587,1.0377,0.6678000000000001,1.1861,2.3222,2.2684,2.6629,4.0948,4.0731,4.0891,2.9824,2.8846,3.0115,3.0218,3.1246,3.0675,4.8064,4.7337,4.6777,1.9875,1.9903,1.9535,5.9769000000000005,5.9224,6.1991,6.1555,6.3018,6.3154,6.4081
neg_2319-2-Deoxycastasterone,0.17270000000000002,0.16110000000000002,0.1705,0.1287,0.1259,0.12710000000000002,0.15910000000000002,0.1605,0.164,0.1587,0.157,0.1553,0.166,0.16340000000000002,0.16790000000000002,0.1067,0.10890000000000001,0.1134,0.1267,0.13040000000000002,0.1252,0.016300000000000002,0.0707,0.031,0.060500000000000005,0.0616,0.0543,0.09730000000000001,0.0927,0.089,0.1188,0.1208,0.1263,0.1421,0.145,0.1598,0.12430000000000001,0.1135,0.1184,0.1335,0.14450000000000002,0.1306,0.114,0.11520000000000001,0.1199,0.121,0.11520000000000001,0.1149,0.1164
"neg_4370-5,7',9',13'-tetramethyl-5'-oxaspiro[oxane-2,6'-pentacyclo[10.8.0.0?,?.0?,?.0??,??]icosan]-16'-yl decanoate",0.7033,0.6549,0.6678000000000001,0.4056,0.3929,0.3845,0.6727000000000001,0.6637000000000001,0.7108,0.5787,0.6255000000000001,0.6059,0.7598,0.7535000000000001,0.7763,0.252,0.2421,0.2692,0.1714,0.1706,0.17220000000000002,0.1812,0.1569,0.1039,0.8220000000000001,0.8328,0.8524,4.4583,4.3206,4.241,3.9124,3.9359,4.0253,1.4785,1.4733,1.4591,3.0244,2.9741,2.9914,3.4383,3.7352,3.5882,1.1543,1.124,1.1482,1.1519,1.1589,1.1509,1.1683
neg_2730-Homodolichosterone,0.0383,0.0426,0.0364,0.0324,0.032,0.033100000000000004,0.0432,0.0388,0.043300000000000005,0.027200000000000002,0.031900000000000005,0.0316,0.0364,0.0454,0.0441,0.0463,0.053,0.0441,0.06,0.0529,0.056600000000000004,0.0609,0.076,0.0716,0.0456,0.0403,0.047,0.0488,0.044700000000000004,0.0471,0.0487,0.0492,0.051000000000000004,0.0636,0.058300000000000005,0.069,0.028800000000000003,0.025500000000000002,0.027100000000000003,0.0318,0.027200000000000002,0.0328,0.0429,0.043500000000000004,0.0412,0.039,0.042,0.0415,0.037700000000000004
neg_2837-4-{2-[5-(7-aminoheptyl)-4-(hydroxymethyl)furan-2-yl]ethyl}-2-{2-[4-(propan-2-yl)-1H-pyrrol-2-yl]ethoxy}phenol,0.061,0.0506,0.0656,0.0506,0.0504,0.054700000000000006,0.0526,0.054400000000000004,0.0477,0.022,0.0291,0.024200000000000003,0.049,0.045,0.0485,0.0342,0.0349,0.0405,0.050100000000000006,0.042800000000000005,0.0463,0.0048000000000000004,0.0175,0.0027,0.024800000000000003,0.0245,0.0256,0.036000000000000004,0.0442,0.0417,0.054900000000000004,0.0591,0.0646,0.0815,0.0857,0.08710000000000001,0.058,0.042800000000000005,0.0555,0.055600000000000004,0.06670000000000001,0.0543,0.0451,0.0476,0.0475,0.0516,0.048100000000000004,0.052700000000000004,0.052000000000000005
neg_3160-Cabraleadiol 3-acetate,0.0302,0.0313,0.0302,0.0182,0.0189,0.019700000000000002,0.0632,0.0629,0.0601,0.1005,0.1096,0.1048,0.0629,0.059300000000000005,0.0634,0.026600000000000002,0.026500000000000003,0.0269,0.032600000000000004,0.038,0.0361,0.001,0.0073,0.006200000000000001,0.0036000000000000003,0.0054,0.0034000000000000002,0.0126,0.0165,0.0181,0.023100000000000002,0.025500000000000002,0.024,0.0149,0.0194,0.0123,0.0135,0.0111,0.0145,0.013300000000000001,0.017400000000000002,0.015300000000000001,0.0235,0.0218,0.024900000000000002,0.024,0.022500000000000003,0.0223,0.0234
"neg_3353-2-{1-[13-(1-{6,6-dimethyl-3-oxobicyclo[3.1.0]hexan-2-ylidene}ethyl)-1,4,10-trioxa-7,13-diazacyclopentadecan-7-yl]ethylidene}-6,6-dimethylbicyclo[3.1.0]hexan-3-one",0.0659,0.0623,0.0641,0.0949,0.09620000000000001,0.09820000000000001,0.0436,0.0444,0.0461,0.0562,0.050100000000000006,0.0539,0.0296,0.0316,0.0408,0.046200000000000005,0.050100000000000006,0.06620000000000001,0.085,0.07930000000000001,0.0821,0.0038,0.039900000000000005,0.0151,0.0884,0.0863,0.0811,0.11130000000000001,0.10010000000000001,0.0915,0.12860000000000002,0.1193,0.1506,0.0684,0.06570000000000001,0.0641,0.059500000000000004,0.0417,0.0539,0.0585,0.0713,0.06720000000000001,0.0891,0.08710000000000001,0.0916,0.09390000000000001,0.0874,0.0867,0.0833
neg_3399-5-nonacosylresorcinol,0.11510000000000001,0.11560000000000001,0.0935,0.08510000000000001,0.08270000000000001,0.0857,0.1231,0.1232,0.126,0.14300000000000002,0.1437,0.1535,0.1355,0.1385,0.14880000000000002,0.075,0.0859,0.0849,0.0679,0.0852,0.081,0.0094,0.005,0.0359,0.12890000000000001,0.1149,0.1237,0.15990000000000001,0.17950000000000002,0.1658,0.1935,0.2263,0.1952,0.19140000000000001,0.1942,0.1854,0.184,0.1859,0.1898,0.28800000000000003,0.2625,0.30660000000000004,0.0742,0.10740000000000001,0.1019,0.0801,0.1019,0.0859,0.10260000000000001
neg_3401-5-nonacosylresorcinol,0.1736,0.1709,0.1726,0.1391,0.10840000000000001,0.1383,0.1898,0.1637,0.1889,0.2914,0.2822,0.28190000000000004,0.1988,0.20320000000000002,0.2031,0.0882,0.0859,0.0849,0.09050000000000001,0.0952,0.1013,0.0031000000000000003,0.008700000000000001,0.0359,0.20400000000000001,0.22130000000000002,0.192,0.32220000000000004,0.15660000000000002,0.3136,0.40840000000000004,0.3925,0.5707,0.319,0.321,0.2586,0.39690000000000003,0.359,0.3658,0.4179,0.4873,0.4937,0.1363,0.1135,0.1082,0.1273,0.1129,0.12660000000000002,0.10350000000000001
neg_3402-5-nonacosylresorcinol,0.1587,0.15030000000000002,0.1726,0.1391,0.14450000000000002,0.1383,0.1898,0.1887,0.1889,0.2914,0.2822,0.28190000000000004,0.1988,0.20320000000000002,0.2031,0.07980000000000001,0.08310000000000001,0.08270000000000001,0.09050000000000001,0.0867,0.0881,0.008700000000000001,0.0613,0.0545,0.3279,0.319,0.30770000000000003,0.438,0.4394,0.4358,0.5569000000000001,0.5467000000000001,0.5707,0.4373,0.4554,0.4314,0.5898,0.5945,0.5906,0.7501,0.7861,0.8024,0.2041,0.1998,0.19690000000000002,0.1966,0.1943,0.19340000000000002,0.19940000000000002
neg_3908-UNPD142991,0.3916,0.42650000000000005,0.3648,0.321,0.3186,0.32830000000000004,0.6396000000000001,0.6332,0.6692,0.6417,0.6037,0.6258,0.5932000000000001,0.5986,0.6066,0.2826,0.3099,0.2957,0.3065,0.2755,0.2746,0.0898,0.217,0.1221,1.244,1.2007,1.3563,1.1857,1.1699,1.1265,1.609,1.5417,1.5979999999999999,1.4904,1.4813,1.5684,2.3288,2.3882,2.2619,3.314,3.3343,3.2618,0.849,0.8379000000000001,0.8003,0.7979,0.7699,0.7723,0.7652
neg_3692,0.11,0.11,0.1071,0.1078,0.1052,0.1061,0.1647,0.16290000000000002,0.1663,0.2038,0.2069,0.2031,0.1636,0.1706,0.1728,0.127,0.1305,0.1306,0.1446,0.1448,0.13140000000000002,0.0112,0.0183,0.026500000000000003,0.079,0.0816,0.07390000000000001,0.14450000000000002,0.14850000000000002,0.1443,0.1605,0.1554,0.17070000000000002,0.1583,0.1573,0.1462,0.1278,0.12140000000000001,0.12430000000000001,0.1572,0.17830000000000001,0.1668,0.1189,0.1129,0.1164,0.1187,0.1134,0.11750000000000001,0.109
neg_3701-C00050697,0.5931000000000001,0.5845,0.5804,0.36560000000000004,0.35650000000000004,0.3536,0.40090000000000003,0.4156,0.41200000000000003,0.5443,0.5573,0.5457000000000001,0.49710000000000004,0.5123,0.5115000000000001,0.3292,0.33330000000000004,0.3291,0.0425,0.2165,0.2152,0.0235,0.1903,0.1145,0.3413,0.32980000000000004,0.3115,0.35660000000000003,0.11180000000000001,0.37070000000000003,0.2524,0.2559,0.2535,0.2853,0.3039,0.2918,0.1583,0.1585,0.15810000000000002,0.234,0.2416,0.22560000000000002,0.3332,0.32830000000000004,0.32530000000000003,0.3291,0.332,0.3235,0.33240000000000003
neg_4668-N-Palmitoylsphingosine,2.1679,2.0943,2.0514,2.7099,2.6988000000000003,2.7536,3.9219,3.8716,3.9322,2.5378,2.5856,2.6071,3.0899,3.0069,3.2507,1.9534,1.8919000000000001,1.9533,1.7753,1.9472,1.9479000000000002,0.7118,1.181,1.0677,5.4328,5.2558,5.1905,3.7597,3.7918000000000003,3.818,3.5754,3.4333,3.543,3.6388,3.6217,3.5540000000000003,4.3911999999999995,4.1265,4.2645,2.8897,3.0117,2.9343,2.7491,2.7594000000000003,2.8466,2.8344,2.8349,2.8364000000000003,2.8139000000000003
"neg_3774-Tritriacontane-16,18-dione",0.0543,0.052000000000000005,0.0505,0.0656,0.0637,0.0634,0.09770000000000001,0.0969,0.1073,0.0886,0.08700000000000001,0.08650000000000001,0.0791,0.0848,0.0883,0.08080000000000001,0.0814,0.0834,0.07730000000000001,0.0845,0.0804,0.023700000000000002,0.032100000000000004,0.048100000000000004,0.1928,0.1986,0.20470000000000002,0.2303,0.2384,0.23070000000000002,0.2917,0.2938,0.2974,0.19190000000000002,0.193,0.19840000000000002,0.3961,0.38180000000000003,0.3799,0.5037,0.498,0.4989,0.3075,0.30460000000000004,0.313,0.307,0.306,0.3073,0.3045
neg_3815-Momordicilin,0.0698,0.0733,0.0718,0.0733,0.0737,0.0746,0.0935,0.09380000000000001,0.09820000000000001,0.0979,0.1048,0.1029,0.0902,0.096,0.09480000000000001,0.0883,0.0876,0.08940000000000001,0.0872,0.0889,0.0932,0.0257,0.0497,0.0234,0.0937,0.08600000000000001,0.09430000000000001,0.09870000000000001,0.10020000000000001,0.098,0.13820000000000002,0.1389,0.14400000000000002,0.1318,0.1254,0.1379,0.1154,0.1145,0.111,0.1705,0.1763,0.1752,0.0721,0.0738,0.0722,0.074,0.0708,0.07150000000000001,0.0678
neg_3847-Epicandicandiol 18-palmitate,0.19090000000000001,0.1948,0.18780000000000002,0.18610000000000002,0.1773,0.18380000000000002,0.3003,0.30110000000000003,0.30920000000000003,0.3015,0.31820000000000004,0.3045,0.3028,0.2924,0.3134,0.2376,0.2396,0.244,0.242,0.2534,0.2513,0.07780000000000001,0.07060000000000001,0.0951,0.395,0.38230000000000003,0.4073,0.33190000000000003,0.33740000000000003,0.3304,0.43610000000000004,0.43210000000000004,0.4365,0.43460000000000004,0.43510000000000004,0.42210000000000003,0.47250000000000003,0.44770000000000004,0.4645,0.6988000000000001,0.7342000000000001,0.7024,0.16690000000000002,0.1655,0.1675,0.1695,0.1685,0.1718,0.1714
neg_4049,0.4519,0.4534,0.43920000000000003,0.40950000000000003,0.3971,0.3914,0.2081,0.2107,0.21380000000000002,0.3335,0.3437,0.3352,0.2068,0.2063,0.2111,0.17,0.1723,0.16640000000000002,0.12150000000000001,0.11670000000000001,0.1081,0.0409,0.0207,0.025900000000000003,0.0217,0.018500000000000003,0.0219,0.0128,0.012400000000000001,0.014,0.0078000000000000005,0.006500000000000001,0.008,0.006200000000000001,0.0074,0.0061,0.0178,0.017400000000000002,0.0199,0.0213,0.0213,0.023200000000000002,0.0908,0.09090000000000001,0.0917,0.0921,0.0855,0.09050000000000001,0.0835
neg_4091-Cer(t18:0/16:0),0.1024,0.1135,0.09860000000000001,0.08950000000000001,0.08750000000000001,0.0745,0.0863,0.0833,0.08950000000000001,0.1743,0.1842,0.181,0.123,0.1164,0.1311,0.052000000000000005,0.046700000000000005,0.0492,0.0318,0.0357,0.0334,0.0044,0.032600000000000004,0.031200000000000002,0.0597,0.061500000000000006,0.0577,0.06760000000000001,0.0674,0.0661,0.016300000000000002,0.0199,0.0275,0.0429,0.0541,0.046900000000000004,0.0413,0.053200000000000004,0.0533,0.0426,0.033100000000000004,0.0373,0.0402,0.040100000000000004,0.0408,0.0419,0.041600000000000005,0.0358,0.0363
neg_5104-Cer(t18:0/16:0),5.9056,5.7424,5.6489,4.1362,4.1025,4.1317,3.8405,3.8281,3.8528000000000002,3.9393000000000002,3.8883,3.8958,4.2478,4.3206,4.3372,3.4678,3.5974,3.4841,2.7143,2.6293,2.602,0.28240000000000004,0.2666,0.2817,4.5554,4.5968,4.4227,3.628,1.4531,3.5056000000000003,1.65,2.0291,3.3653,2.0599,2.0399,2.0494,2.7311,2.7533000000000003,2.6636,2.4151,2.4407,2.4739,3.1061,3.0703,3.0944,3.0802,3.0172,2.9725,3.0035
neg_4094-Cer(t18:0/16:0),0.5938,0.5705,0.49,0.3473,0.35050000000000003,0.3322,0.3618,0.3791,0.41750000000000004,0.4539,0.561,0.4681,0.2751,0.2854,0.3179,0.39740000000000003,0.35950000000000004,0.3962,0.1438,0.19,0.1496,0.0044,0.0568,0.044500000000000005,0.48910000000000003,0.4763,0.48550000000000004,0.46280000000000004,0.48190000000000005,0.4455,0.127,0.1502,0.1517,0.2094,0.2179,0.2028,0.261,0.234,0.25830000000000003,0.1574,0.1804,0.16690000000000002,0.5078,0.4661,0.47890000000000005,0.4973,0.5864,0.583,0.5843
neg_4122-UNPD137133,2.4555,2.5968999999999998,2.3233,2.338,2.271,2.2923999999999998,3.4584,3.4371,3.5896,4.7849,4.5794,4.5859,3.5054,3.5573,3.5977,1.7597,1.9588,1.8033000000000001,2.0746,1.8991,1.8913000000000002,0.1404,0.1622,0.2584,1.0283,0.9385,1.0684,1.3534,1.2426,1.2675,1.3609,1.3422,1.4073,2.1395,2.168,2.3301,1.1182,1.2365,1.1541000000000001,1.5606,1.5777999999999999,1.478,2.1468,2.0534,2.0279,2.0075,1.949,1.9555,1.9267
neg_4149-Hexacosyl trans-ferulate;n-Hexacosyl trans-ferulate,3.9574,4.0967,3.8119,3.7019,3.6614,3.8301,5.0869,5.0521,5.2263,6.5951,6.5781,6.6218,4.999,5.0249,5.1608,2.3652,2.5627,2.388,2.8495,2.7251000000000003,2.7008,0.48810000000000003,0.3229,0.4092,2.2529,2.0163,2.5543,3.0104,2.9731,3.0501,3.4198,3.2933,3.3247,4.7904,4.5998,4.8971,2.9057,2.9905,2.9163,4.3245000000000005,4.0019,3.7732,3.3996,3.3301,3.2637,3.3021000000000003,3.1804,3.2485,3.2037
neg_4150-UNPD124236,2.3021000000000003,2.2216,2.2474,2.1721,2.1559,2.2018,3.8387000000000002,3.8308,3.8198,5.0871,5.0183,5.0464,3.7286,3.6277,3.8908,2.2958,2.1817,2.3775,2.5557,2.7077,2.7025,0.10880000000000001,0.171,0.1355,0.8125,0.801,0.7921,1.5099,1.6083,1.5476,1.9163999999999999,1.8743,1.9891,2.2025,2.1677,2.051,1.4969999999999999,1.3425,1.4117,1.8999000000000001,2.1384,2.0429,2.2268,2.1173,2.1853,2.2572,2.2042,2.2691,2.1994
neg_4152-UNPD124236,4.8327,4.8507,4.7084,4.6549,4.5452,4.6728000000000005,7.2858,7.1874,7.3516,8.316,8.4254,8.388,6.8889,6.8024000000000004,7.1666,3.8996,3.9945,3.9545,4.5026,4.4216,4.379,0.4264,0.392,0.41590000000000005,2.533,2.4752,2.6161,4.1724,4.2129,3.9935,5.2347,5.2044,5.3857,6.2228,6.264,6.4414,3.4828,3.3822,3.3921,4.9474,5.2975,4.9092,4.5626999999999995,4.3781,4.4206,4.5395,4.3819,4.4642,4.3837
neg_4154-Hexacosyl trans-ferulate;n-Hexacosyl trans-ferulate,4.8327,4.8507,4.7084,4.6549,4.5452,4.6728000000000005,7.2858,7.1874,7.3516,8.316,8.4254,8.388,6.8889,6.8024000000000004,7.1666,3.8996,3.9945,3.9545,4.5026,4.4216,4.379,0.373,0.33340000000000003,0.39690000000000003,2.533,2.4752,2.6161,4.1724,4.2129,3.9935,5.2347,5.2044,5.3857,6.2228,6.264,6.4414,3.4828,3.3822,3.3921,4.9474,5.2975,4.9092,4.5626999999999995,4.3781,4.4206,4.5395,4.3819,4.4642,4.3837
"neg_4194-2beta-methylbacteriohopane-32,33,34,35-tetrol",1.4189,1.4113,1.3653,1.3748,1.3417,1.3767,2.2464,2.2242,2.2853,2.9586,3.0188,3.0356,2.2761,2.2059,2.31,1.3686,1.3987,1.4294,1.6619000000000002,1.6354000000000002,1.564,0.16590000000000002,0.18510000000000001,0.15030000000000002,1.2049,1.2814,1.0481,2.3422,2.1971,2.1051,2.7499000000000002,2.9136,3.0154,2.6969000000000003,2.8112,2.7481,1.7661,1.6751,1.9264999999999999,2.2984999999999998,2.7039,2.5648,1.6541000000000001,1.5725,1.5253,1.6232,1.5465,1.5293999999999999,1.5282
"neg_4196-2beta-methylbacteriohopane-32,33,34,35-tetrol",2.3909000000000002,2.4734,2.303,2.2407,2.1781,2.2037,3.5894,3.5403000000000002,3.6737,4.693,4.5644,4.5668,3.3344,3.3579,3.447,1.9998,2.1241,2.0514,2.2925,2.1715,2.0547,0.2449,0.22890000000000002,0.3309,3.4379,3.2967,3.0743,4.405,4.4002,4.2564,4.99,5.0483,5.063,7.0087,6.9694,7.3708,4.3926,3.9443,4.2591,5.6087,6.6496,6.2983,3.014,3.088,3.0549,3.0309,2.7619,2.9379,2.9083
"neg_4200-2beta-methylbacteriohopane-32,33,34,35-tetrol",2.3909000000000002,2.4734,2.303,2.2407,2.1781,2.2037,3.5894,3.5403000000000002,3.6737,4.693,4.4633,4.3773,3.4811,3.6362,3.5024,1.9998,2.1241,1.937,2.2925,1.911,2.0547,0.263,0.31770000000000004,0.4617,3.4379,3.2967,3.6507,3.8509,3.7334,3.6625,4.2525,4.2019,4.3009,7.0087,6.9694,7.3708,4.3926,4.5087,4.2591,6.6345,6.6496,6.2983,3.3092,3.088,3.0549,3.0309,2.9269,2.9379,2.9083
neg_4416-Dieporeticenin,1.1426,1.1455,1.0793,0.49460000000000004,0.48260000000000003,0.49250000000000005,1.076,1.0803,1.0913,0.8298000000000001,0.836,0.8195,1.1405,1.162,1.1875,0.42450000000000004,0.43910000000000005,0.4253,0.2864,0.30060000000000003,0.30000000000000004,0.2222,0.1593,0.27840000000000004,0.9398000000000001,0.9336000000000001,0.8866,5.0547,5.0257,4.9186,4.5486,4.5492,4.5325,1.7839,1.7523,1.763,4.1019,4.2482,3.8782,5.0533,5.1481,4.8628,1.611,1.5695999999999999,1.5823,1.5647,1.5249000000000001,1.5777,1.5472000000000001
neg_4407-UNPD124242,0.3139,0.3488,0.3156,0.2501,0.2326,0.23750000000000002,0.1864,0.18430000000000002,0.1865,0.2293,0.2257,0.2267,0.1849,0.1774,0.2063,0.1763,0.17750000000000002,0.1835,0.1841,0.1854,0.187,0.0071,0.014,0.0111,0.0359,0.0349,0.0333,0.047900000000000005,0.049300000000000004,0.0465,0.0548,0.0536,0.0545,0.0849,0.0852,0.0799,0.040100000000000004,0.0395,0.0392,0.0541,0.0589,0.06280000000000001,0.1378,0.1359,0.1386,0.1494,0.137,0.1409,0.14020000000000002
"neg_4449-DG(18:4(6Z,9Z,12Z,15Z)/15:0/0:0)",0.5246000000000001,0.5486,0.5524,0.4208,0.4169,0.4176,0.3808,0.3653,0.3577,0.22790000000000002,0.4036,0.3562,0.2434,0.3119,0.2745,0.30060000000000003,0.3059,0.32,0.29910000000000003,0.3099,0.308,0.030100000000000002,0.085,0.0334,0.08660000000000001,0.0823,0.09040000000000001,0.1701,0.1884,0.16770000000000002,0.1885,0.191,0.202,0.25730000000000003,0.2492,0.2523,0.177,0.1695,0.1683,0.16090000000000002,0.1754,0.1673,0.2868,0.2736,0.28450000000000003,0.291,0.2706,0.2848,0.2797
neg_4452-Montecristin,0.34400000000000003,0.3452,0.34800000000000003,0.1938,0.1935,0.1831,0.33190000000000003,0.3395,0.35450000000000004,0.2082,0.2102,0.2064,0.271,0.2672,0.27790000000000004,0.1804,0.1757,0.1804,0.1027,0.10790000000000001,0.1116,0.0557,0.125,0.0813,0.6198,0.6089,0.6054,2.2682,2.4102,2.2158,1.9931,2.0337,2.0045,0.9506,0.9644,0.9383,1.7389000000000001,1.7301000000000002,1.726,1.6353,1.659,1.693,0.6492,0.6356,0.645,0.6405000000000001,0.661,0.6416000000000001,0.6494
neg_4472,0.21380000000000002,0.2034,0.20350000000000001,0.12860000000000002,0.1688,0.1666,0.14880000000000002,0.1535,0.15560000000000002,0.1463,0.1961,0.1789,0.12560000000000002,0.12350000000000001,0.1413,0.0247,0.049,0.0354,0.1253,0.0707,0.12510000000000002,0.0211,0.016300000000000002,0.027700000000000002,0.038200000000000005,0.0354,0.0374,0.0582,0.0589,0.055200000000000006,0.055200000000000006,0.0545,0.057300000000000004,0.0692,0.069,0.07780000000000001,0.059500000000000004,0.06380000000000001,0.0568,0.059800000000000006,0.06280000000000001,0.0609,0.1012,0.11030000000000001,0.1091,0.1165,0.1124,0.1014,0.11520000000000001
"neg_4492-DG(15:0/18:3(9Z,12Z,15Z)/0:0)",0.36920000000000003,0.3738,0.376,0.2691,0.2691,0.2636,0.3342,0.3362,0.3262,0.4189,0.4214,0.4179,0.2944,0.32730000000000004,0.3579,0.27140000000000003,0.27690000000000003,0.28750000000000003,0.2827,0.28800000000000003,0.2889,0.0,0.0649,0.0307,0.056600000000000004,0.0522,0.0516,0.10590000000000001,0.1143,0.10640000000000001,0.11800000000000001,0.1302,0.1246,0.13040000000000002,0.1288,0.1212,0.1005,0.08940000000000001,0.10260000000000001,0.11230000000000001,0.11,0.1116,0.2038,0.20220000000000002,0.2073,0.20800000000000002,0.2006,0.2046,0.19590000000000002
"neg_4495-DG(15:0/18:3(9Z,12Z,15Z)/0:0)",0.3047,0.3131,0.2883,0.233,0.2306,0.2379,0.2253,0.1945,0.23520000000000002,0.28190000000000004,0.2717,0.27540000000000003,0.2582,0.24050000000000002,0.2516,0.1907,0.20070000000000002,0.1963,0.2204,0.2107,0.20550000000000002,0.0315,0.050800000000000005,0.1376,0.17500000000000002,0.1635,0.1779,0.22340000000000002,0.22690000000000002,0.2283,0.2513,0.2539,0.2504,0.35660000000000003,0.36010000000000003,0.3709,0.2873,0.297,0.28190000000000004,0.3659,0.3896,0.3705,0.2233,0.2268,0.2346,0.23870000000000002,0.2275,0.22190000000000001,0.2192
"neg_4496-DG(15:0/18:3(9Z,12Z,15Z)/0:0)",0.30060000000000003,0.325,0.32070000000000004,0.25020000000000003,0.2636,0.2609,0.2707,0.2606,0.2811,0.343,0.3934,0.365,0.262,0.28700000000000003,0.3211,0.1938,0.18380000000000002,0.19990000000000002,0.2262,0.2194,0.2079,0.048,0.1267,0.0626,0.1703,0.16490000000000002,0.1625,0.2484,0.2595,0.24,0.2635,0.2667,0.275,0.35660000000000003,0.3396,0.34600000000000003,0.2968,0.297,0.28140000000000004,0.3854,0.40490000000000004,0.3803,0.2008,0.20040000000000002,0.2024,0.21050000000000002,0.2109,0.2122,0.2049
neg_4516-N-hexadecanoyl-15-methylhexadecaphytosphingosine,3.8886000000000003,4.249,3.7684,4.9909,4.7612,5.0613,6.5354,6.4919,6.5926,6.6155,6.3867,6.4206,5.2899,5.2938,5.2805,1.7473,2.0417,1.7526000000000002,0.9013,0.4706,0.47400000000000003,0.1385,0.1287,0.1592,3.8903,3.9715,3.6959,1.9066,1.9893,1.9081000000000001,0.5955,0.5779000000000001,0.5941000000000001,1.0433,1.052,1.0284,2.342,2.2717,2.3101000000000003,1.662,1.7944,1.7873,4.8159,4.86,4.7316,4.7864,4.7543,4.8204,4.8337
"neg_4537-DG(15:0/18:2(9Z,12Z)/0:0)",0.1502,0.1607,0.1466,0.1396,0.1316,0.12990000000000002,0.1862,0.1857,0.1895,0.2513,0.2566,0.2569,0.2074,0.20420000000000002,0.21680000000000002,0.10790000000000001,0.1008,0.1043,0.11800000000000001,0.11,0.1091,0.0,0.0165,0.013800000000000002,0.09960000000000001,0.09630000000000001,0.1145,0.1486,0.14550000000000002,0.1408,0.1507,0.1474,0.1534,0.1774,0.18130000000000002,0.19160000000000002,0.098,0.0951,0.095,0.14350000000000002,0.1529,0.1373,0.1376,0.1258,0.127,0.133,0.129,0.12,0.1231
"neg_4539-DG(15:0/18:2(9Z,12Z)/0:0)",0.2426,0.2523,0.23470000000000002,0.19260000000000002,0.1877,0.1927,0.24750000000000003,0.24580000000000002,0.2519,0.3457,0.3496,0.34900000000000003,0.2489,0.247,0.25830000000000003,0.1736,0.17750000000000002,0.1763,0.2111,0.191,0.1786,0.0036000000000000003,0.0745,0.0284,0.156,0.162,0.18,0.2389,0.2358,0.2441,0.289,0.2676,0.2718,0.3119,0.3322,0.3356,0.19720000000000001,0.20600000000000002,0.20350000000000001,0.29910000000000003,0.2841,0.273,0.1897,0.181,0.1822,0.194,0.1797,0.181,0.1807
"neg_4540-DG(15:0/18:2(9Z,12Z)/0:0)",0.21610000000000001,0.23900000000000002,0.2235,0.1839,0.1816,0.186,0.2209,0.2154,0.2187,0.2798,0.2983,0.2912,0.2092,0.2099,0.2384,0.1574,0.1641,0.1589,0.2111,0.191,0.1837,0.0023,0.0745,0.0032,0.20120000000000002,0.1962,0.2144,0.2949,0.306,0.29510000000000003,0.32430000000000003,0.3206,0.3279,0.41240000000000004,0.4238,0.426,0.2926,0.295,0.2902,0.4061,0.41960000000000003,0.4048,0.17880000000000001,0.1731,0.17220000000000002,0.1829,0.1734,0.1772,0.1807
"neg_4541-DG(15:0/18:2(9Z,12Z)/0:0)",0.2666,0.27440000000000003,0.2431,0.2398,0.22740000000000002,0.2394,0.2861,0.2664,0.2876,0.37620000000000003,0.3456,0.3506,0.2856,0.2894,0.2912,0.1544,0.1618,0.1565,0.17400000000000002,0.16540000000000002,0.1622,0.004200000000000001,0.023700000000000002,0.047900000000000005,0.0816,0.08310000000000001,0.09770000000000001,0.1386,0.1315,0.1278,0.11910000000000001,0.12150000000000001,0.13190000000000002,0.1189,0.11900000000000001,0.1263,0.0742,0.0743,0.0734,0.0976,0.1029,0.09530000000000001,0.1784,0.1668,0.1598,0.16190000000000002,0.1585,0.168,0.1584
"neg_4543-DG(15:0/18:2(9Z,12Z)/0:0)",0.2666,0.27440000000000003,0.2577,0.2398,0.2376,0.2394,0.2861,0.2753,0.2876,0.37620000000000003,0.38530000000000003,0.37370000000000003,0.2983,0.2894,0.29460000000000003,0.1544,0.1507,0.1565,0.16620000000000001,0.16540000000000002,0.1622,0.0083,0.0252,0.0205,0.0816,0.08310000000000001,0.09770000000000001,0.1386,0.1315,0.1278,0.11910000000000001,0.12150000000000001,0.13190000000000002,0.1189,0.11900000000000001,0.1263,0.0648,0.0596,0.061700000000000005,0.0976,0.1029,0.09530000000000001,0.1784,0.1668,0.1598,0.1595,0.1531,0.1643,0.1584
neg_4604-DG(15:0/18:1(9Z)/0:0),0.0461,0.047400000000000005,0.0448,0.0395,0.0391,0.04,0.056900000000000006,0.0589,0.0591,0.0752,0.07440000000000001,0.0714,0.0587,0.045700000000000005,0.0614,0.032100000000000004,0.0376,0.0362,0.042800000000000005,0.0354,0.0364,0.027,0.0171,0.0363,0.1584,0.15360000000000001,0.1622,0.29150000000000004,0.3028,0.2888,0.2949,0.28400000000000003,0.3043,0.3635,0.3724,0.3708,0.1658,0.1882,0.1587,0.2826,0.2728,0.258,0.1041,0.0993,0.0971,0.09730000000000001,0.095,0.09870000000000001,0.0993
neg_5750-N-octadecanoyl-4-hydroxysphinganine,0.43510000000000004,0.40950000000000003,0.4174,0.48190000000000005,0.4732,0.4652,0.5254,0.5295,0.5238,0.44880000000000003,0.46140000000000003,0.4444,0.5288,0.5167,0.5247,0.46690000000000004,0.4506,0.4631,0.4404,0.45840000000000003,0.4506,0.2914,0.356,0.4698,6.5275,6.4797,6.6248000000000005,4.5893,4.8222000000000005,4.6705,5.0818,4.9891000000000005,5.2265,3.0932,3.0775,3.1807,4.011,3.8735,3.8423,4.1211,4.425,4.2254,1.6943000000000001,1.7266,1.6731,1.7349999999999999,1.7126000000000001,1.7375,1.7241
neg_4733-Erythrinasinate A,0.0755,0.08220000000000001,0.0748,0.0487,0.0506,0.047900000000000005,0.0591,0.057100000000000005,0.0606,0.0664,0.0664,0.06570000000000001,0.09330000000000001,0.0945,0.0944,0.0959,0.094,0.1,0.047400000000000005,0.047400000000000005,0.0426,0.0098,0.020900000000000002,0.043300000000000005,0.058100000000000006,0.064,0.061900000000000004,0.0664,0.06430000000000001,0.0658,0.0524,0.0485,0.050100000000000006,0.049300000000000004,0.051300000000000005,0.0522,0.0971,0.1,0.09230000000000001,0.0653,0.06570000000000001,0.0668,0.0485,0.0459,0.046200000000000005,0.0477,0.0459,0.048600000000000004,0.0473
"neg_4777-DG(18:4(6Z,9Z,12Z,15Z)/16:0/0:0)",0.3175,0.28850000000000003,0.3052,0.1459,0.1364,0.1477,0.1996,0.20770000000000002,0.20550000000000002,0.1955,0.1741,0.16160000000000002,0.23800000000000002,0.2378,0.241,0.075,0.0785,0.0801,0.0582,0.057800000000000004,0.059800000000000006,0.0329,0.0678,0.028300000000000002,0.0568,0.0655,0.055200000000000006,0.3811,0.3632,0.3635,0.3632,0.3543,0.36560000000000004,0.1391,0.1391,0.1385,0.21880000000000002,0.23220000000000002,0.1993,0.2847,0.2906,0.28300000000000003,0.1952,0.1763,0.1968,0.1877,0.16790000000000002,0.19090000000000001,0.1734
neg_4782,0.3175,0.3269,0.3052,0.1459,0.1492,0.1477,0.1996,0.20770000000000002,0.20550000000000002,0.1955,0.1947,0.1904,0.23800000000000002,0.2378,0.241,0.0887,0.09580000000000001,0.0916,0.0654,0.065,0.0663,0.044700000000000004,0.0678,0.0405,0.0663,0.0655,0.0592,0.3811,0.3871,0.3635,0.3632,0.3543,0.36560000000000004,0.1391,0.1391,0.133,0.2449,0.23220000000000002,0.22970000000000002,0.3221,0.337,0.327,0.1952,0.1925,0.1968,0.1877,0.1837,0.19090000000000001,0.187
neg_4907,1.9575,1.9452,1.8895,1.6548,1.5665,1.6223,1.8771,1.8697,1.8632,1.6858,1.7495,1.7227999999999999,2.0934,2.0453,2.0565,1.2197,1.2266,1.2685,0.6322,0.6613,0.6734,0.10590000000000001,0.0743,0.1603,1.8814000000000002,1.8681,1.7401,1.4599,1.4679,1.4482,0.4545,0.43410000000000004,0.4525,1.1175,1.1415,1.0442,1.2041,1.205,1.2169,0.8992,0.9808,0.9643,1.8776000000000002,1.932,1.9437000000000002,1.9615,1.949,1.9609999999999999,1.9535
neg_5103,5.9056,2.8141,5.6489,4.1362,4.1025,4.1317,3.8405,3.8281,3.8528000000000002,3.9393000000000002,3.8883,3.8958,4.2478,4.3206,4.3372,3.4678,2.1524,1.933,2.7143,2.6293,2.602,0.4117,0.3113,0.2817,4.5554,4.5968,4.4227,3.628,3.6869,3.5056000000000003,3.3303000000000003,3.3298,3.3653,2.0599,2.0399,2.0494,2.7311,2.7533000000000003,2.6636,2.4151,2.4407,2.4739,3.1061,3.0703,3.0944,2.3707000000000003,3.0172,2.9725,3.0035
neg_5134,0.38830000000000003,0.417,0.3588,0.5965,0.6139,0.6366,0.16490000000000002,0.1554,0.1791,0.269,0.2675,0.2771,0.2403,0.23650000000000002,0.251,0.7724000000000001,0.8075,0.9142,0.4581,0.4435,0.5079,0.021400000000000002,0.0425,0.032,0.22790000000000002,0.2325,0.24,0.3563,0.3335,0.34140000000000004,0.1646,0.1555,0.16060000000000002,0.1322,0.14070000000000002,0.13490000000000002,0.24860000000000002,0.2579,0.24050000000000002,0.303,0.30000000000000004,0.28500000000000003,0.4063,0.3836,0.3911,0.3945,0.3569,0.39840000000000003,0.3542
neg_5144,0.2886,0.2092,0.4933,0.3251,0.15660000000000002,0.3574,0.3413,0.34790000000000004,0.2273,0.362,0.3516,0.11220000000000001,0.3809,0.3798,0.2142,0.1553,0.11230000000000001,0.101,0.23120000000000002,0.22710000000000002,0.22160000000000002,0.0012000000000000001,0.07250000000000001,0.0475,0.37,0.3543,0.3412,0.2843,0.2777,0.2624,0.2833,0.2767,0.2716,0.1356,0.1383,0.1442,0.2156,0.20770000000000002,0.1995,0.1531,0.1429,0.16790000000000002,0.1698,0.126,0.2106,0.1472,0.28750000000000003,0.27890000000000004,0.1605
neg_5376-Cer(d18:0/18:0),0.5662,0.5498000000000001,0.5356000000000001,0.5084000000000001,0.5126000000000001,0.5011,0.6962,0.6936,0.7025,0.723,0.7108,0.7106,0.7754000000000001,0.7634000000000001,0.7614000000000001,1.0374,0.9974000000000001,1.0138,1.1052,1.1209,1.0952,0.0847,0.24330000000000002,0.13390000000000002,1.9514,1.9624000000000001,1.8382,1.4509,1.5168,1.4651,1.9942000000000002,1.9485999999999999,2.0244,1.2488000000000001,1.1912,1.1745,2.3039,2.2412,2.1399,2.1146,2.2409,2.1586,1.0346,1.0085,1.0288,1.0388,1.0601,1.0098,1.0428
neg_5256-Muricatenol,0.2807,0.2833,0.274,0.1472,0.1395,0.1423,0.167,0.1635,0.16390000000000002,0.21860000000000002,0.2155,0.2205,0.2114,0.21430000000000002,0.22060000000000002,0.0349,0.030500000000000003,0.061700000000000005,0.048400000000000006,0.0073,0.0516,0.0055000000000000005,0.0077,0.0292,0.0337,0.0325,0.034300000000000004,0.1421,0.15180000000000002,0.1418,0.121,0.1254,0.1298,0.0572,0.0585,0.059300000000000005,0.062400000000000004,0.0625,0.0591,0.0753,0.08320000000000001,0.0742,0.1184,0.1213,0.12250000000000001,0.1182,0.1158,0.11760000000000001,0.1187
neg_5257-Muricatenol,0.2489,0.24130000000000001,0.2285,0.131,0.124,0.123,0.12050000000000001,0.1221,0.1389,0.1583,0.1767,0.1875,0.14830000000000002,0.1499,0.1628,0.0613,0.0648,0.0726,0.048400000000000006,0.0572,0.0637,0.0,0.0494,0.031400000000000004,0.0432,0.050100000000000006,0.044500000000000005,0.15180000000000002,0.15560000000000002,0.14730000000000001,0.12560000000000002,0.13290000000000002,0.1386,0.0639,0.0669,0.0742,0.08360000000000001,0.07100000000000001,0.078,0.1033,0.11850000000000001,0.10450000000000001,0.1187,0.11470000000000001,0.10880000000000001,0.1159,0.11380000000000001,0.1119,0.11330000000000001
neg_5269,0.1198,0.12890000000000001,0.1308,0.1149,0.11520000000000001,0.11410000000000001,0.26780000000000004,0.2777,0.2646,0.1582,0.1762,0.1734,0.1996,0.2114,0.2101,0.1081,0.112,0.098,0.07200000000000001,0.0683,0.0711,0.0,0.0298,0.0349,0.1052,0.105,0.0814,0.13920000000000002,0.13540000000000002,0.1335,0.1222,0.1206,0.1242,0.0142,0.092,0.0663,0.07100000000000001,0.0815,0.0603,0.0022,0.0648,0.0378,0.1462,0.1231,0.1333,0.1441,0.1373,0.1258,0.1418
neg_5307-TG(8:0/i-13:0/i-13:0),0.0533,0.0541,0.0492,0.054900000000000004,0.0483,0.048100000000000004,0.0733,0.0695,0.0726,0.0753,0.07590000000000001,0.0736,0.0555,0.0684,0.0625,0.044500000000000005,0.048600000000000004,0.037,0.0488,0.0465,0.0487,0.049,0.077,0.1514,0.4066,0.38620000000000004,0.43260000000000004,0.4642,0.4571,0.4335,0.5502,0.5449,0.551,0.5531,0.5282,0.5523,0.6433,0.6196,0.6196,0.8607,0.9104000000000001,0.8358,0.2104,0.19820000000000002,0.1938,0.2015,0.1898,0.193,0.1933
neg_5477,0.4556,0.4703,0.44010000000000005,0.3784,0.3604,0.39280000000000004,0.398,0.4127,0.41090000000000004,0.33180000000000004,0.3331,0.33130000000000004,0.4802,0.46290000000000003,0.4738,0.3607,0.3423,0.3613,0.2087,0.209,0.2106,0.074,0.0971,0.039,0.7526,0.7255,0.75,0.3271,0.304,0.3113,0.1431,0.13470000000000001,0.1463,0.3657,0.35650000000000004,0.3745,0.48510000000000003,0.483,0.4776,0.3695,0.37360000000000004,0.37370000000000003,0.48450000000000004,0.47490000000000004,0.4839,0.49160000000000004,0.48040000000000005,0.4783,0.4803
"neg_5520-DG(16:1(9Z)/22:6(4Z,7Z,10Z,13Z,16Z,19Z)/0:0)",0.10010000000000001,0.1009,0.0983,0.0557,0.055900000000000005,0.054700000000000006,0.1285,0.132,0.1306,0.1022,0.1078,0.10640000000000001,0.1537,0.15,0.1585,0.06380000000000001,0.0673,0.0664,0.0448,0.049300000000000004,0.0483,0.016900000000000002,0.0181,0.0129,0.0234,0.019200000000000002,0.024900000000000002,0.033600000000000005,0.041600000000000005,0.031,0.0582,0.062400000000000004,0.057300000000000004,0.0468,0.0413,0.0451,0.0341,0.0388,0.0465,0.0528,0.0635,0.0555,0.073,0.0697,0.0716,0.0721,0.0755,0.0721,0.0704
neg_561-Stearidonic acid,0.1351,0.139,0.1295,0.1109,0.1125,0.11520000000000001,0.1544,0.156,0.1583,0.1834,0.1925,0.1819,0.18680000000000002,0.18330000000000002,0.1841,0.0775,0.08020000000000001,0.07980000000000001,0.0737,0.0877,0.0791,0.035300000000000005,0.0752,0.0614,0.1799,0.1565,0.16740000000000002,0.212,0.1836,0.2066,0.27640000000000003,0.2813,0.27740000000000004,0.231,0.2464,0.22820000000000001,0.23,0.2298,0.22790000000000002,0.322,0.3204,0.3274,0.133,0.1305,0.1364,0.13720000000000002,0.13040000000000002,0.1333,0.1322
neg_563-Stearidonic acid,0.1024,0.1047,0.1295,0.09050000000000001,0.096,0.0927,0.1544,0.156,0.12710000000000002,0.1489,0.13520000000000001,0.131,0.1383,0.1522,0.148,0.0649,0.08020000000000001,0.056100000000000004,0.0799,0.0669,0.0791,0.0176,0.058800000000000005,0.0206,0.125,0.1565,0.13390000000000002,0.14,0.2101,0.16140000000000002,0.20670000000000002,0.17750000000000002,0.19140000000000001,0.1534,0.1913,0.1661,0.13820000000000002,0.16590000000000002,0.1371,0.2705,0.2197,0.20040000000000002,0.095,0.10260000000000001,0.0927,0.07930000000000001,0.0892,0.0993,0.09620000000000001
neg_5684,0.0325,0.0332,0.031400000000000004,0.0263,0.0233,0.0247,0.0763,0.0765,0.0755,0.0618,0.0627,0.0601,0.0908,0.08410000000000001,0.09040000000000001,0.0656,0.0637,0.0671,0.0587,0.058800000000000005,0.0641,0.0,0.0468,0.0047,0.0737,0.07060000000000001,0.0707,0.06280000000000001,0.0835,0.0709,0.08850000000000001,0.0834,0.0785,0.0528,0.0446,0.0468,0.0575,0.057,0.0606,0.048600000000000004,0.0563,0.0516,0.053700000000000005,0.0497,0.0526,0.0534,0.0521,0.0495,0.0526
"neg_5756-triisodecyl benzene-1,2,4-tricarboxylate",0.4274,0.42960000000000004,0.4132,0.3297,0.3183,0.32370000000000004,0.3909,0.37870000000000004,0.38970000000000005,0.36110000000000003,0.368,0.36760000000000004,0.3533,0.34600000000000003,0.3632,0.4035,0.40950000000000003,0.4279,0.4489,0.4244,0.41450000000000004,0.0426,0.07690000000000001,0.0221,0.1912,0.197,0.198,0.32930000000000004,0.34750000000000003,0.3405,0.199,0.1889,0.2092,0.3336,0.3539,0.3322,0.0912,0.0935,0.0961,0.12340000000000001,0.1376,0.13490000000000002,0.2657,0.25620000000000004,0.2555,0.2722,0.2599,0.2605,0.2642
"neg_5757-triisodecyl benzene-1,2,4-tricarboxylate",0.2197,0.2525,0.25470000000000004,0.2073,0.2083,0.20650000000000002,0.2452,0.24380000000000002,0.246,0.1729,0.20650000000000002,0.1899,0.181,0.1865,0.2272,0.2097,0.2275,0.23370000000000002,0.2626,0.22390000000000002,0.2056,0.0235,0.0891,0.0596,0.2343,0.2364,0.24130000000000001,0.2795,0.2903,0.2725,0.14250000000000002,0.1363,0.154,0.31170000000000003,0.3261,0.33280000000000004,0.1019,0.0944,0.0945,0.11220000000000001,0.1231,0.1206,0.1507,0.1553,0.16140000000000002,0.1647,0.1585,0.1706,0.1487
neg_5811-UNPD72985,1.0462,1.1162,0.9862000000000001,0.9957,0.9937,0.9751000000000001,0.8941,0.9008,0.914,0.8962,0.8902,0.8736,0.8518,0.8469,0.8554,1.1365,1.199,1.2101,1.2203,1.146,1.1214,0.0396,0.0517,0.1051,0.5856,0.5616,0.6035,0.7514000000000001,0.7921,0.7516,0.6248,0.6282,0.671,0.9604,0.971,1.0033,0.4297,0.3975,0.4067,0.6023000000000001,0.6097,0.5753,0.8011,0.7684000000000001,0.7684000000000001,0.7795000000000001,0.7465,0.7689,0.7278
neg_5813-UNPD72985,0.39980000000000004,0.4328,0.3909,0.34790000000000004,0.3256,0.338,0.3922,0.3932,0.43060000000000004,0.4209,0.41750000000000004,0.4048,0.3487,0.37410000000000004,0.37110000000000004,0.3139,0.32070000000000004,0.3054,0.3874,0.3482,0.3254,0.0507,0.0379,0.0761,0.2187,0.2051,0.21860000000000002,0.3133,0.3185,0.3136,0.3095,0.3158,0.33140000000000003,0.3408,0.3065,0.3491,0.212,0.20140000000000002,0.21430000000000002,0.2968,0.31620000000000004,0.302,0.2808,0.2669,0.2586,0.26380000000000003,0.259,0.26730000000000004,0.258
neg_5853-UNPD119267,0.23770000000000002,0.23270000000000002,0.21810000000000002,0.20800000000000002,0.21130000000000002,0.2156,0.2723,0.2772,0.2755,0.2555,0.2606,0.25620000000000004,0.2388,0.23750000000000002,0.2378,0.24580000000000002,0.24050000000000002,0.24980000000000002,0.25570000000000004,0.2505,0.252,0.005200000000000001,0.07740000000000001,0.0323,0.1897,0.193,0.20570000000000002,0.2982,0.313,0.31420000000000003,0.2669,0.2474,0.2775,0.3755,0.3704,0.37360000000000004,0.1689,0.15,0.1602,0.23670000000000002,0.2641,0.2414,0.22820000000000001,0.226,0.23390000000000002,0.2446,0.23370000000000002,0.22690000000000002,0.2275
neg_5856-UNPD119267,0.6146,0.5924,0.6009,0.6011000000000001,0.5921000000000001,0.5996,0.7436,0.7432000000000001,0.7361000000000001,0.7686000000000001,0.8001,0.7778,0.6965,0.6664,0.6958000000000001,0.5889,0.5934,0.6084,0.6379,0.6497,0.6445000000000001,0.0815,0.0713,0.0792,0.9568000000000001,0.9094000000000001,0.9919,1.5348000000000002,1.5758,1.3913,1.3212000000000002,1.4458,1.4856,1.6689,1.6360000000000001,1.8292000000000002,0.9187000000000001,0.8492000000000001,0.8929,1.3857,1.4687000000000001,1.3762,0.7366,0.7473000000000001,0.6985,0.761,0.741,0.7582,0.7475
neg_5915,0.057100000000000005,0.0553,0.0526,0.0546,0.0495,0.0522,0.076,0.0813,0.0743,0.0903,0.0824,0.0869,0.08070000000000001,0.0746,0.0771,0.0454,0.0444,0.046,0.0506,0.048400000000000006,0.0455,0.0112,0.0089,0.046200000000000005,0.0867,0.0804,0.0809,0.1305,0.1378,0.097,0.0892,0.0915,0.09390000000000001,0.0674,0.0731,0.0675,0.08020000000000001,0.0753,0.0791,0.075,0.07980000000000001,0.081,0.061500000000000006,0.0594,0.06420000000000001,0.0685,0.06420000000000001,0.06420000000000001,0.0626
"neg_6369-2-hydroxy-N-(1,3,5,6-tetrahydroxytetracos-9-en-2-yl)pentadecanamide",0.0758,0.0771,0.0738,0.0264,0.0256,0.027700000000000002,0.14880000000000002,0.1525,0.1583,0.0969,0.1034,0.09920000000000001,0.1903,0.1834,0.1826,0.15610000000000002,0.1626,0.16340000000000002,0.1945,0.197,0.19920000000000002,0.0,0.040600000000000004,0.038,0.0135,0.0167,0.015300000000000001,0.014400000000000001,0.016800000000000002,0.013600000000000001,0.0154,0.0146,0.0159,0.009300000000000001,0.0135,0.0126,0.0142,0.015300000000000001,0.013900000000000001,0.012400000000000001,0.013600000000000001,0.016,0.0555,0.056900000000000006,0.055900000000000005,0.056400000000000006,0.056900000000000006,0.0541,0.056
neg_6255-Uvarigranin,0.06810000000000001,0.0687,0.0653,0.061,0.0592,0.06,0.0695,0.053500000000000006,0.0717,0.0368,0.0718,0.0695,0.060200000000000004,0.0538,0.0644,0.0478,0.042300000000000004,0.049100000000000005,0.0419,0.043500000000000004,0.039900000000000005,0.001,0.0488,0.0228,0.0391,0.038400000000000004,0.0381,0.0635,0.0687,0.0646,0.065,0.059300000000000005,0.0654,0.0821,0.08270000000000001,0.0833,0.032,0.0337,0.0316,0.0396,0.0458,0.045700000000000005,0.0505,0.0516,0.0541,0.0536,0.0505,0.0514,0.0531
"neg_6300-5-hydroxy-6-(2,4,6,8-tetrahydroxytetratriacont-21-en-1-yl)-5,6-dihydro-2H-pyran-2-one",0.0698,0.07680000000000001,0.075,0.0536,0.054700000000000006,0.0529,0.07730000000000001,0.0747,0.074,0.10250000000000001,0.1048,0.10060000000000001,0.0726,0.06810000000000001,0.0791,0.038900000000000004,0.0419,0.044500000000000005,0.0471,0.046400000000000004,0.042,0.0048000000000000004,0.008400000000000001,0.0221,0.0303,0.03,0.0318,0.058600000000000006,0.0635,0.0597,0.06760000000000001,0.0644,0.07050000000000001,0.0506,0.048400000000000006,0.047,0.0304,0.030100000000000002,0.0287,0.041,0.042300000000000004,0.0402,0.049300000000000004,0.047400000000000005,0.048100000000000004,0.051300000000000005,0.0512,0.051000000000000004,0.0494
neg_6361,0.26080000000000003,0.24980000000000002,0.23720000000000002,0.26,0.2511,0.2582,0.34,0.3392,0.3483,0.5025000000000001,0.45330000000000004,0.446,0.3932,0.4036,0.3982,0.1555,0.16770000000000002,0.165,0.10690000000000001,0.11030000000000001,0.10930000000000001,0.0,0.0172,0.005,0.5418000000000001,0.5163,0.5055000000000001,0.2735,0.2539,0.2637,0.1211,0.1262,0.12350000000000001,0.2877,0.28550000000000003,0.2595,0.29610000000000003,0.3302,0.2765,0.2,0.1749,0.1897,0.2777,0.30110000000000003,0.24750000000000003,0.2446,0.24180000000000001,0.23920000000000002,0.23470000000000002
neg_7676-Lactariamide A;(+)-Lactariamide A,0.6856,0.6552,0.6668000000000001,0.7344,0.7192000000000001,0.7431,1.0913,1.0622,1.049,1.0804,1.1196,1.147,0.9143,0.9321,0.978,0.5442,0.5354,0.5573,0.6134000000000001,0.664,0.6803,0.06620000000000001,0.3432,0.28550000000000003,0.6781,0.6527000000000001,0.6243000000000001,1.0958,0.30760000000000004,1.1121,0.8704000000000001,0.8706,0.8614,0.5125000000000001,0.5426,0.5048,0.7202000000000001,0.6633,0.6894,0.3789,0.3997,0.41300000000000003,0.6084,0.607,0.622,0.6262,0.6147,0.5972000000000001,0.6223000000000001
"neg_6690-4-{4-[3-(1-{9a-hexyl-3a,7-dihydroxy-11a-methyl-5-oxo-1H,2H,3H,3aH,5H,5aH,6H,7H,8H,9H,9aH,9bH,10H,11H,11aH-cyclopenta[a]phenanthren-1-yl}-1-hydroxyethyl)oxiran-2-yl]-4-hydroxy-3,3-dimethylpentyl}-2-aminopiperidin-1-ium-4-yl",0.0492,0.045,0.0466,0.0497,0.049,0.0526,0.0648,0.0632,0.06380000000000001,0.043300000000000005,0.0422,0.0414,0.045700000000000005,0.0446,0.048100000000000004,0.0402,0.0425,0.0436,0.0538,0.056600000000000004,0.0506,0.0,0.0053,0.0034000000000000002,0.0442,0.041,0.0492,0.057300000000000004,0.0669,0.059800000000000006,0.06430000000000001,0.064,0.07150000000000001,0.0752,0.0787,0.0792,0.048600000000000004,0.0427,0.0482,0.06330000000000001,0.0733,0.0641,0.0519,0.050800000000000005,0.049600000000000005,0.0558,0.0534,0.056900000000000006,0.051500000000000004
"neg_6697-4-[(2R)-2,3-di(hexadecanoyloxy)propoxy]-4-oxobutanoic acid",0.0442,0.043000000000000003,0.046200000000000005,0.041800000000000004,0.041600000000000005,0.0459,0.048,0.0407,0.0499,0.0239,0.0429,0.0403,0.030100000000000002,0.038400000000000004,0.0405,0.026000000000000002,0.0227,0.025,0.019200000000000002,0.0229,0.022600000000000002,0.0017000000000000001,0.0176,0.0055000000000000005,0.023200000000000002,0.0264,0.020200000000000003,0.0367,0.0385,0.0371,0.027700000000000002,0.0279,0.027800000000000002,0.034300000000000004,0.038400000000000004,0.0352,0.015,0.011300000000000001,0.013800000000000002,0.0175,0.019200000000000002,0.0175,0.0285,0.0298,0.0302,0.0345,0.029900000000000003,0.0308,0.0296
"neg_6720-GlcCer(d14:2(4E,6E)/18:0)",1.3202,1.2978,1.1984,1.9284,1.9741,1.9114,2.0459,2.0119,2.1037,1.6416,1.4554,1.5594999999999999,1.7404000000000002,1.8437000000000001,1.7089,1.016,1.154,0.9965,1.5354,1.2046000000000001,1.1612,0.4559,0.7196,0.3834,3.6432,3.6964,3.4272,2.0087,0.7006,1.8129,1.7556,1.8345,1.8174000000000001,3.8669000000000002,3.9433,3.8558,2.3878,2.3778,2.3536,1.274,1.9866000000000001,1.9802,2.1935000000000002,2.1902,2.1682,2.1208,2.0501,1.9366,1.9083
neg_6793,0.017400000000000002,0.0189,0.0089,0.0341,0.0302,0.0307,0.0381,0.031,0.0366,0.0332,0.032600000000000004,0.026600000000000002,0.0303,0.0274,0.031200000000000002,0.0263,0.020900000000000002,0.020800000000000003,0.0369,0.029900000000000003,0.028200000000000003,0.0,0.0132,0.0081,0.0239,0.0216,0.030100000000000002,0.058,0.0575,0.044700000000000004,0.0536,0.0618,0.06670000000000001,0.045,0.0528,0.0376,0.035,0.0182,0.0405,0.0567,0.0644,0.055200000000000006,0.0405,0.0397,0.039,0.0402,0.041600000000000005,0.040400000000000005,0.038400000000000004
neg_7612,0.7933,0.7731,0.8047000000000001,0.7371000000000001,0.7061000000000001,0.7107,1.1449,1.1717,1.1911,1.5737999999999999,1.5947,1.5617,1.4252,1.3741,1.464,0.654,0.664,0.6791,0.685,0.7521,0.7405,0.0369,0.0873,0.037,0.6921,0.7421,0.6628000000000001,0.8299000000000001,0.8276,0.8359000000000001,1.1345,1.1015,1.1353,0.8534,0.8979,0.8401000000000001,1.0853,1.129,1.1012,1.5472000000000001,1.5728,1.565,0.7478,0.7406,0.7439,0.7398,0.732,0.7364,0.7655000000000001
neg_7616,0.7933,0.7731,0.8047000000000001,0.7371000000000001,0.7061000000000001,0.7107,1.1449,1.1717,1.0849,1.4563000000000001,1.5541,1.477,1.3082,1.3741,1.3219,0.654,0.664,0.6791,0.685,0.7521,0.7405,0.0366,0.1015,0.058300000000000005,0.617,0.6273000000000001,0.6124,0.7467,0.8519,0.8359000000000001,1.1345,1.1015,1.0271,0.8087000000000001,0.7976000000000001,0.7872,1.0265,1.0119,0.9579000000000001,1.5266000000000002,1.4697,1.565,0.6172000000000001,0.7406,0.7439,0.7398,0.732,0.7364,0.7655000000000001
neg_7617,0.4878,0.5505,0.6515000000000001,0.3907,0.45270000000000005,0.39430000000000004,0.8180000000000001,0.8911,0.8177000000000001,0.9929,1.0391,1.0004,0.9648,0.9966,0.928,0.441,0.443,0.43160000000000004,0.7271000000000001,0.5035000000000001,0.4706,0.0883,0.057800000000000004,0.10070000000000001,0.389,0.3987,0.3945,0.484,0.7751,0.5123,0.681,0.6461,0.6225,0.5483,0.5656,0.5069,0.6967,0.7086,0.6853,1.0698,0.9908,1.0288,0.3057,0.3562,0.2982,0.3411,0.3257,0.3477,0.3388
neg_7675-UNPD230355,0.6856,0.6552,0.6668000000000001,0.7344,0.7192000000000001,0.7431,1.0913,1.0622,1.049,1.0804,1.1196,1.147,0.9143,0.9321,0.978,0.5442,0.5354,0.5573,0.6134000000000001,0.664,0.6803,0.1187,0.3432,0.28550000000000003,0.6781,0.6527000000000001,0.6243000000000001,1.0958,1.1315,1.1121,0.8704000000000001,0.8706,0.8614,0.5125000000000001,0.5426,0.5048,0.7202000000000001,0.6633,0.6894,0.3789,0.3997,0.41300000000000003,0.6084,0.607,0.622,0.6262,0.6147,0.5972000000000001,0.6223000000000001
"neg_8271-PC(18:4(6Z,9Z,12Z,15Z)/P-16:0)",0.0558,0.0757,0.038700000000000005,0.0795,0.057800000000000004,0.07390000000000001,0.052000000000000005,0.0509,0.049600000000000005,0.07740000000000001,0.076,0.0767,0.0726,0.0702,0.0729,0.051300000000000005,0.0825,0.07680000000000001,0.043500000000000004,0.059500000000000004,0.0585,0.0044,0.0234,0.0356,0.0516,0.029900000000000003,0.057300000000000004,0.056,0.0618,0.0577,0.039900000000000005,0.0397,0.041,0.047900000000000005,0.048400000000000006,0.052500000000000005,0.0358,0.0639,0.0405,0.0292,0.0304,0.0356,0.054700000000000006,0.0524,0.053200000000000004,0.050800000000000005,0.048400000000000006,0.046200000000000005,0.0434
pos_2818-Inosine,0.6834,0.6836,0.6966,0.9373,0.9184,0.909,0.5422,0.5354,0.5461,0.36260000000000003,0.341,0.3498,0.6052000000000001,0.5904,0.6014,1.2776,1.3074,1.2999,1.4507,1.5691000000000002,1.4813,0.0362,0.0792,0.027700000000000002,0.1458,0.14450000000000002,0.1341,0.2595,0.2566,0.2636,0.26880000000000004,0.2953,0.3059,0.704,0.7258,0.7192000000000001,0.2555,0.24810000000000001,0.2566,0.3135,0.28500000000000003,0.291,0.5856,0.6199,0.5834,0.599,0.5617,0.5724,0.6006
"pos_4626-1-(piperidin-1-yl)-3-({1,7,7-trimethylbicyclo[2.2.1]heptan-2-yl}oxy)propan-2-ol",0.23440000000000003,0.2232,0.23,0.18730000000000002,0.20800000000000002,0.1971,0.2891,0.2884,0.2842,0.12990000000000002,0.1337,0.1443,0.2023,0.19140000000000001,0.2,0.09340000000000001,0.07200000000000001,0.0882,0.0782,0.08750000000000001,0.0857,0.0059,0.005,0.0434,0.7727,0.7882,0.8544,1.1051,1.1137,1.0666,1.2202,1.1778,1.2638,1.7587000000000002,1.6952,1.689,0.8104,0.7819,0.7594000000000001,0.5824,0.5281,0.5471,0.44820000000000004,0.4314,0.4479,0.4612,0.4777,0.45280000000000004,0.48160000000000003
pos_1057-UNPD140765,8.255,8.2132,8.4,3.0671,3.0881,3.1895,4.3682,4.5065,4.2968,3.0407,2.9818,3.0238,4.0845,4.0086,4.0249,4.9976,4.7768,4.8422,5.5489,5.4425,5.4531,0.10890000000000001,0.2974,0.5329,9.2441,9.3802,9.9761,5.131,4.9711,4.948,1.8089,1.8139,1.9173,1.2151,1.2273,1.193,3.0242,3.1390000000000002,2.9069000000000003,5.1808,5.078,4.864,3.8814,3.8288,3.9548,3.91,3.7745,3.7902,3.8263
pos_1333-N1-Acetylspermidine,1.7897,1.9538000000000002,1.7615,1.0394,1.0764,1.0074,3.5281000000000002,3.4037,3.5705999999999998,4.1336,3.8456,3.9128,2.5719000000000003,2.6042,2.6328,3.0236,3.2133,2.9213,2.7923,2.4226,2.4288,0.1432,0.215,0.1269,1.4483000000000001,1.307,1.5586,2.8522,2.723,2.7489,2.8732,2.9732000000000003,2.8977,3.2451,3.1746,3.268,1.5942,1.4882,1.5633,0.5277000000000001,0.4975,0.46730000000000005,2.5588,2.4169,2.2221,2.293,2.3367,2.2143,2.2586
"pos_3338-trans-2-[(Dimethylamino)methylimino]-5-[2-(5-nitro-2- furyl)-vinyl]-1,3,4-oxadiazole",0.0579,0.0443,0.053,0.0743,0.07590000000000001,0.0714,0.0235,0.030100000000000002,0.0275,0.0171,0.0137,0.013800000000000002,0.029900000000000003,0.0307,0.0275,0.069,0.0654,0.07980000000000001,0.07100000000000001,0.07100000000000001,0.0717,0.007500000000000001,0.005200000000000001,0.013800000000000002,0.0269,0.032600000000000004,0.0398,0.0161,0.017400000000000002,0.0194,0.0176,0.019100000000000002,0.0247,0.0316,0.0332,0.0194,0.0475,0.059800000000000006,0.0511,0.062200000000000005,0.0563,0.0655,0.036500000000000005,0.040100000000000004,0.040600000000000004,0.036500000000000005,0.0398,0.0375,0.0427
pos_1205-2-phenylethynesulfonamide,0.4868,0.5532,0.4635,0.334,0.33130000000000004,0.32330000000000003,0.897,0.7774000000000001,1.0804,1.0286,0.9347000000000001,0.8928,1.6643,1.7615,1.5078,0.6296,0.8889,0.5001,1.1055,0.8681000000000001,0.9921000000000001,0.011300000000000001,0.0143,0.0109,0.9313,0.9112,1.376,0.9541000000000001,0.6905,0.7558,0.9854,0.9501000000000001,0.9153,0.8696,0.8466,0.7851,0.8426,0.8203,0.8674000000000001,2.0782,2.0277,2.4209,1.0039,0.6926,0.7114,0.909,0.9075000000000001,0.7252000000000001,0.8971
"pos_5323-(2S)-2-[[(2R,3S,4R,5R)-5-(6-aminopurin-9-yl)-3,4-dihydroxyoxolan-2-yl]methylamino]-4-methylsulfanylbutanoic acid",0.368,0.38580000000000003,0.39280000000000004,0.4607,0.4797,0.4907,0.13090000000000002,0.12610000000000002,0.1222,0.13340000000000002,0.1245,0.137,0.1198,0.1211,0.13240000000000002,0.5279,0.5679000000000001,0.5736,0.3594,0.3074,0.3064,0.0477,0.0385,0.038,0.19640000000000002,0.2172,0.2156,0.39230000000000004,0.3521,0.38680000000000003,0.0912,0.0872,0.10540000000000001,0.1182,0.13040000000000002,0.1184,0.2649,0.2978,0.3035,0.41540000000000005,0.4143,0.37060000000000004,0.2341,0.23020000000000002,0.2263,0.23950000000000002,0.22610000000000002,0.2268,0.22990000000000002
pos_1452,0.1907,0.1686,0.1928,0.1531,0.1756,0.1647,0.223,0.23820000000000002,0.20470000000000002,0.1767,0.2088,0.2154,0.20070000000000002,0.1885,0.2019,0.182,0.18080000000000002,0.1834,0.25420000000000004,0.2737,0.2499,0.0,0.051000000000000004,0.0285,0.2692,0.29,0.0606,0.1653,0.1676,0.1675,0.1048,0.113,0.2243,0.1097,0.11230000000000001,0.089,0.18330000000000002,0.19310000000000002,0.1872,0.385,0.3961,0.4046,0.1751,0.1713,0.1763,0.187,0.17880000000000001,0.1763,0.1792
pos_1455-L-Dopa,0.154,0.14350000000000002,0.157,0.09820000000000001,0.10110000000000001,0.1058,0.3402,0.37260000000000004,0.3431,0.3728,0.34790000000000004,0.34040000000000004,0.4299,0.41590000000000005,0.4151,0.1563,0.1515,0.1598,0.1993,0.1971,0.2015,0.0,0.021500000000000002,0.0071,0.24530000000000002,0.24630000000000002,0.2632,0.1894,0.1834,0.17350000000000002,0.23040000000000002,0.2028,0.2243,0.17270000000000002,0.1759,0.18150000000000002,0.1975,0.1905,0.2061,0.35350000000000004,0.3541,0.3443,0.2242,0.2378,0.2466,0.2492,0.24750000000000003,0.2313,0.217
pos_1784-Dethiobiotin,0.4249,0.4164,0.4045,0.44530000000000003,0.4989,0.4544,0.1963,0.2058,0.21050000000000002,0.2386,0.248,0.23070000000000002,0.2723,0.2591,0.2866,0.6107,0.5748,0.5727,0.4445,0.4218,0.4274,0.0218,0.0221,0.12660000000000002,1.7933,1.7923,1.7939,1.112,1.0823,1.1148,1.0202,1.022,1.0037,0.8994000000000001,0.9015000000000001,0.8994000000000001,1.6208,1.5868,1.6114000000000002,2.7582,2.5871,2.6222,0.5335,0.544,0.5324,0.5463,0.5478000000000001,0.5292,0.5283
pos_1486-N-a-Acetylcitrulline,0.0181,0.0196,0.021500000000000002,0.0212,0.0199,0.020800000000000003,0.0217,0.0204,0.0205,0.0051,0.0094,0.011300000000000001,0.0126,0.0105,0.0119,0.025500000000000002,0.0256,0.028,0.023,0.026600000000000002,0.0261,0.0,0.0088,0.0028,0.11130000000000001,0.1038,0.135,0.1228,0.106,0.1066,0.0369,0.0368,0.0393,0.1928,0.2275,0.20770000000000002,0.2207,0.2509,0.22640000000000002,0.22,0.2015,0.2033,0.0562,0.046700000000000005,0.048,0.0451,0.045200000000000004,0.042,0.0425
pos_1535-Alanyl-Leucine,0.2897,0.26730000000000004,0.2534,0.107,0.12480000000000001,0.1223,0.2979,0.3073,0.2938,0.2477,0.244,0.24680000000000002,0.1885,0.19890000000000002,0.19260000000000002,0.155,0.1589,0.1603,0.23220000000000002,0.2296,0.22540000000000002,0.0193,0.0877,0.0502,0.3845,0.4217,0.3678,0.4066,0.44020000000000004,0.4323,0.3418,0.3411,0.3301,0.2556,0.2564,0.2432,0.3311,0.2853,0.317,0.1923,0.1824,0.17170000000000002,0.27990000000000004,0.315,0.30770000000000003,0.2924,0.30360000000000004,0.2854,0.28850000000000003
pos_1536-Alanyl-Leucine,0.10360000000000001,0.114,0.10590000000000001,0.117,0.1184,0.1039,0.17220000000000002,0.181,0.1784,0.1728,0.1627,0.1758,0.1582,0.1645,0.14780000000000001,0.0732,0.0688,0.0843,0.0499,0.0584,0.0507,0.0034000000000000002,0.0221,0.0531,0.06280000000000001,0.0776,0.059300000000000005,0.0771,0.0878,0.0849,0.0402,0.047,0.039900000000000005,0.07,0.0651,0.0693,0.049800000000000004,0.053,0.0541,0.0809,0.08080000000000001,0.0632,0.1043,0.1053,0.107,0.1008,0.097,0.107,0.10980000000000001
pos_2680,0.3164,0.3044,0.3124,0.13770000000000002,0.146,0.15360000000000001,0.22190000000000001,0.24630000000000002,0.22990000000000002,0.2141,0.2432,0.2531,0.2099,0.2044,0.2018,0.16190000000000002,0.16240000000000002,0.17420000000000002,0.2907,0.3014,0.2929,0.0221,0.0315,0.0112,0.2363,0.2587,0.1889,0.1975,0.38470000000000004,0.3588,0.1438,0.1521,0.1308,0.06860000000000001,0.0608,0.0444,0.2354,0.1177,0.1643,0.18230000000000002,0.276,0.2585,0.1265,0.1902,0.20600000000000002,0.1945,0.2164,0.1812,0.1937
"pos_6118-5-(1-benzothiophen-2-yl)-N-cyclohexyl-6-oxo-7,11-diazatricyclo[7.3.1.0?,?]trideca-2,4-diene-11-carboxamide",0.1325,0.1448,0.12050000000000001,0.22190000000000001,0.2833,0.2328,0.2286,0.22760000000000002,0.2277,0.21350000000000002,0.2223,0.22840000000000002,0.2674,0.2595,0.24780000000000002,0.1724,0.17250000000000001,0.2081,0.1027,0.095,0.11850000000000001,0.014,0.0177,0.01,0.0742,0.0771,0.07540000000000001,0.0446,0.037,0.0413,0.0429,0.0471,0.0429,0.06770000000000001,0.0599,0.0726,0.0574,0.0646,0.0519,0.0412,0.046200000000000005,0.035500000000000004,0.1761,0.188,0.169,0.1935,0.18560000000000001,0.1797,0.1723
pos_1740-Butethal,0.08410000000000001,0.0859,0.077,0.0867,0.08560000000000001,0.0864,0.1361,0.14,0.1424,0.1555,0.1633,0.16110000000000002,0.15030000000000002,0.14400000000000002,0.1574,0.0888,0.089,0.094,0.0599,0.06620000000000001,0.0668,0.0432,0.0279,0.07050000000000001,0.13190000000000002,0.13620000000000002,0.081,0.1824,0.18080000000000002,0.1714,0.5972000000000001,0.557,0.5694,0.4121,0.4297,0.42660000000000003,0.3662,0.34990000000000004,0.34840000000000004,0.39580000000000004,0.3972,0.4083,0.16790000000000002,0.17880000000000001,0.18480000000000002,0.178,0.1757,0.1767,0.1835
pos_1824-N-a-Acetyl-L-arginine,0.6123000000000001,0.6326,0.5942000000000001,0.5744,0.5733,0.5709000000000001,1.8197,1.7784,1.7623000000000002,1.7176,1.6615,1.6832,2.0686,2.1425,2.1084,0.6311,0.6223000000000001,0.6527000000000001,0.6706000000000001,0.6234000000000001,0.6513,0.0634,0.040100000000000004,0.0604,0.5726,0.5616,0.6424000000000001,1.0145,0.7386,0.7269,0.2765,0.3801,0.3687,0.234,0.2566,0.22560000000000002,0.4016,0.4847,0.447,0.3514,0.3687,0.4494,1.0687,1.0536,1.0788,1.0701,1.0774,1.0926,1.0712
pos_2084-Leucyl-Valine,0.2044,0.19640000000000002,0.186,0.2333,0.2046,0.24750000000000003,0.588,0.5346000000000001,0.6181,0.5281,0.34490000000000004,0.5077,0.3276,0.2765,0.30670000000000003,0.1404,0.138,0.11750000000000001,0.1937,0.1859,0.20670000000000002,0.021400000000000002,0.0476,0.0342,1.7229,1.4615,3.4397,3.4802,3.3238,3.5088,4.0184,6.5914,3.7068,2.8168,3.0591,3.366,1.9937,2.0278,2.0788,1.2888,1.3641,1.3503,1.0452,0.8647,1.0559,1.0119,1.1176,1.09,0.9564
"pos_2110-6,10-diamino-2,3,5-trihydroxydecanoic acid",0.041,0.0432,0.0356,0.06760000000000001,0.0702,0.0711,0.06720000000000001,0.06420000000000001,0.0762,0.0668,0.0649,0.0665,0.0656,0.058600000000000006,0.0632,0.063,0.0689,0.0703,0.0444,0.0453,0.0409,0.0269,0.0517,0.0403,0.09630000000000001,0.10300000000000001,0.0994,0.076,0.0752,0.0724,0.1039,0.1043,0.1076,0.0575,0.0584,0.0608,0.113,0.1105,0.1047,0.1042,0.10690000000000001,0.12140000000000001,0.0609,0.061,0.0684,0.0636,0.06280000000000001,0.0517,0.058100000000000006
pos_2371-Bicine,0.0698,0.08270000000000001,0.0818,0.10060000000000001,0.1194,0.1336,0.22990000000000002,0.2457,0.2296,0.21030000000000001,0.2258,0.2233,0.37160000000000004,0.38380000000000003,0.3578,0.0935,0.0815,0.0981,0.1796,0.1501,0.157,0.0,0.0024000000000000002,0.0126,0.6995,0.6855,0.7585000000000001,0.4481,0.41200000000000003,0.4268,0.2177,0.2356,0.2369,0.0775,0.07540000000000001,0.0648,0.505,0.531,0.5384,0.9947,0.9538000000000001,0.8782000000000001,0.2677,0.26980000000000004,0.2609,0.2561,0.2518,0.23770000000000002,0.2333
pos_2413-Glutaminylthreonine,0.0236,0.020200000000000003,0.023700000000000002,0.042300000000000004,0.0199,0.034300000000000004,0.0364,0.032100000000000004,0.031100000000000003,0.0245,0.0217,0.0207,0.040100000000000004,0.0166,0.0155,0.038400000000000004,0.0263,0.025400000000000002,0.0189,0.0251,0.0199,0.0,0.0035,0.0067,0.14100000000000001,0.1463,0.13240000000000002,0.1824,0.1625,0.1703,0.091,0.09330000000000001,0.0954,0.1468,0.1562,0.1482,0.2258,0.213,0.2117,0.1898,0.21380000000000002,0.1839,0.054,0.0476,0.050800000000000005,0.044700000000000004,0.049800000000000004,0.05,0.0494
pos_2417-Hydroxybutyrylcarnitine,0.061900000000000004,0.056400000000000006,0.056900000000000006,0.08030000000000001,0.077,0.08360000000000001,0.12660000000000002,0.1267,0.1291,0.136,0.1174,0.1107,0.1562,0.155,0.1578,0.058,0.0609,0.0558,0.0922,0.0911,0.0794,0.0,0.0145,0.005,0.0201,0.0152,0.022600000000000002,0.011,0.0079,0.0097,0.0149,0.017400000000000002,0.008700000000000001,0.016800000000000002,0.0159,0.0182,0.0134,0.015600000000000001,0.017,0.031900000000000005,0.0176,0.0316,0.0766,0.08270000000000001,0.0689,0.0853,0.08030000000000001,0.0771,0.07970000000000001
"pos_5882-2-{1-[({3-[(1-carbamoylethyl)carbamoyl]-5,6-dihydroxycyclohex-2-en-1-yl}carbamoyl)methyl]cyclopentyl}acetic acid",15.5837,15.5914,16.5036,15.443200000000001,16.132,16.2854,19.9916,20.3244,19.9109,20.6057,20.4731,20.8948,20.122,19.4229,20.1529,18.0257,16.9626,17.4952,14.6025,14.7559,15.004,0.4323,0.4053,0.42210000000000003,4.2838,4.0731,4.281,1.9044,1.8054999999999999,1.9134,2.5263999999999998,2.6222,2.6421,2.365,2.6028000000000002,2.4265,3.8863000000000003,3.9266,3.9381,3.0094,2.8422,3.1235,15.9923,15.5902,16.0409,16.1422,15.6907,16.128,16.0502
pos_2648-gamma-Glutamylleucine,0.32220000000000004,0.31620000000000004,0.325,0.2831,0.2863,0.2707,0.1504,0.18910000000000002,0.1744,0.1754,0.1839,0.1812,0.123,0.1237,0.0644,0.3607,0.3844,0.35960000000000003,0.3487,0.3622,0.36410000000000003,0.0476,0.07150000000000001,0.1015,0.5015000000000001,0.4868,0.5256000000000001,0.4475,0.43610000000000004,0.5046,0.2328,0.22610000000000002,0.226,0.20090000000000002,0.20650000000000002,0.21430000000000002,0.221,0.22030000000000002,0.21230000000000002,0.5461,0.5743,0.509,0.2141,0.2144,0.23420000000000002,0.2263,0.2056,0.22990000000000002,0.21680000000000002
pos_267-Choline chloride,42.9851,43.123,42.9439,56.4207,56.1732,57.0778,39.3342,40.0603,39.4458,39.3144,39.5045,39.6118,42.7264,42.1686,42.385,41.6809,42.1217,41.2735,45.4991,44.2936,44.6118,1.9811,2.0682,2.5815,37.521,36.773,39.8792,54.3767,54.2634,54.4183,50.0957,49.2064,49.8032,67.3171,68.1301,68.2008,70.5203,71.7931,69.6887,40.8526,40.3626,40.1782,45.6434,45.6541,46.4927,46.3403,46.1727,45.9137,46.6008
pos_540-Creatine,2.4749,2.5422000000000002,2.4472,7.6357,7.6426,7.6746,6.3687000000000005,6.3634,6.3987,8.4556,7.9457,8.0119,6.6461,6.7498000000000005,6.6628,2.1492,2.1947,2.2146,2.4355,2.357,2.248,0.0886,0.1041,0.2681,4.744,4.7001,5.0182,6.4709,6.2534,6.4074,12.1341,12.0704,12.2734,13.6586,13.5603,13.0127,7.2059,7.6033,7.1494,4.4404,4.6747,4.4079,6.7494,6.9919,6.9369,6.8262,6.839,6.8183,6.7261
pos_2698-Leucyl-Methionine,0.0308,0.0362,0.0315,0.043000000000000003,0.0449,0.0309,0.049600000000000005,0.057600000000000005,0.055200000000000006,0.0519,0.0579,0.0517,0.024300000000000002,0.032100000000000004,0.0362,0.0315,0.0325,0.0356,0.0461,0.0478,0.046400000000000004,0.0,0.0088,0.0412,0.1106,0.10020000000000001,0.19840000000000002,0.28390000000000004,0.307,0.28240000000000004,0.1884,0.1872,0.1874,0.33530000000000004,0.3356,0.29710000000000003,0.3458,0.3463,0.47340000000000004,0.1622,0.1625,0.17320000000000002,0.0966,0.08600000000000001,0.1044,0.09680000000000001,0.1067,0.1013,0.1022
pos_2734-4-Epiphyllanthine,0.0722,0.0901,0.0736,0.0599,0.057,0.0415,0.061200000000000004,0.0363,0.0682,0.0049,0.035,0.0327,0.025400000000000002,0.016300000000000002,0.012400000000000001,0.0413,0.0646,0.0472,0.0546,0.0546,0.0495,0.0,0.0012000000000000001,0.0175,0.18230000000000002,0.20520000000000002,0.2757,0.43470000000000003,0.39690000000000003,0.4554,0.4748,0.5026,0.3982,0.3335,0.5187,0.4691,0.2318,0.3854,0.24550000000000002,0.2008,0.1973,0.17020000000000002,0.1993,0.14850000000000002,0.1311,0.13190000000000002,0.185,0.1423,0.1233
pos_2819-Inosine,0.45370000000000005,0.46790000000000004,0.4446,0.6557000000000001,0.7415,0.7168,0.37560000000000004,0.3391,0.4151,0.2321,0.2328,0.2212,0.3607,0.363,0.324,0.9871000000000001,0.9325,0.9528000000000001,1.1853,1.1217,1.2753,0.0033,0.046200000000000005,0.006500000000000001,0.1004,0.0835,0.19210000000000002,0.18030000000000002,0.14750000000000002,0.1524,0.1626,0.17270000000000002,0.1638,0.3927,0.4479,0.42450000000000004,0.1388,0.1651,0.1457,0.1491,0.1448,0.14350000000000002,0.40840000000000004,0.3733,0.3891,0.35450000000000004,0.387,0.3936,0.3674
pos_3342-UNPD5244,0.1618,0.1685,0.16770000000000002,0.077,0.0786,0.0854,0.2086,0.21630000000000002,0.2131,0.2391,0.2614,0.234,0.2001,0.1817,0.18430000000000002,0.0658,0.0718,0.0575,0.10840000000000001,0.1048,0.1029,0.0037,0.0109,0.009600000000000001,0.4572,0.5137,0.4591,0.5092,0.5124000000000001,0.5272,0.5104000000000001,0.49770000000000003,0.49770000000000003,0.49810000000000004,0.5234,0.45080000000000003,0.3678,0.3415,0.37,0.6275000000000001,0.6077,0.6193000000000001,0.2544,0.24750000000000003,0.26230000000000003,0.251,0.2514,0.2626,0.26680000000000004
pos_3341-UNPD173981,0.0745,0.07250000000000001,0.0708,0.0409,0.0357,0.0439,0.1071,0.1013,0.10830000000000001,0.0917,0.08750000000000001,0.08950000000000001,0.0845,0.0771,0.0878,0.0368,0.0409,0.033800000000000004,0.055,0.054400000000000004,0.0463,0.0001,0.037700000000000004,0.009300000000000001,0.06420000000000001,0.0524,0.0604,0.1052,0.11130000000000001,0.1168,0.074,0.067,0.0669,0.051800000000000006,0.056600000000000004,0.0443,0.0684,0.058,0.064,0.0397,0.0476,0.0449,0.0629,0.0698,0.0761,0.0721,0.069,0.0742,0.0776
pos_3496-Neuromedin B (1-3),0.0381,0.0374,0.034,0.06380000000000001,0.0536,0.0459,0.0346,0.0361,0.0313,0.0347,0.0386,0.032600000000000004,0.0256,0.0284,0.0269,0.030500000000000003,0.0402,0.033600000000000005,0.0339,0.0341,0.0337,0.0043,0.038400000000000004,0.013000000000000001,0.0911,0.11380000000000001,0.1048,0.0528,0.036500000000000005,0.0534,0.0269,0.038400000000000004,0.0256,0.0409,0.0318,0.0424,0.0538,0.055600000000000004,0.0596,0.055,0.0409,0.053700000000000005,0.0468,0.0414,0.0398,0.0499,0.0446,0.042800000000000005,0.0358
pos_3576-N(6)-L-homocysteinyl-N(2)-acetyl-L-lysine,0.0608,0.062,0.061700000000000005,0.059300000000000005,0.0589,0.058300000000000005,0.0358,0.044,0.0349,0.0553,0.0504,0.0526,0.0459,0.044700000000000004,0.044500000000000005,0.051300000000000005,0.042800000000000005,0.0466,0.07060000000000001,0.0961,0.0981,0.0021000000000000003,0.0257,0.0012000000000000001,0.0854,0.0775,0.0853,0.046700000000000005,0.032600000000000004,0.035500000000000004,0.0819,0.0668,0.07830000000000001,0.115,0.11170000000000001,0.1187,0.0528,0.0512,0.0512,0.0927,0.0819,0.0824,0.0512,0.06620000000000001,0.0591,0.058100000000000006,0.059000000000000004,0.0562,0.0675
pos_3868-N-[(3-{[2-(dimethylamino)ethyl](methyl)amino}-4-hydroxy-5-(hydroxymethyl)oxolan-2-yl)methyl]-2-methoxyacetamide,0.266,0.304,0.2585,0.14300000000000002,0.1663,0.1779,0.11570000000000001,0.10450000000000001,0.115,0.0658,0.0507,0.0557,0.1053,0.1139,0.11620000000000001,0.0562,0.050800000000000005,0.0574,0.11520000000000001,0.0906,0.09870000000000001,0.0049,0.005200000000000001,0.017,0.3753,0.37970000000000004,0.3599,0.447,0.4395,0.4414,0.4601,0.4612,0.4607,0.3128,0.278,0.31820000000000004,0.301,0.32170000000000004,0.3327,0.7248,0.717,0.745,0.4032,0.426,0.3935,0.39080000000000004,0.3921,0.3497,0.34340000000000004
pos_4004,0.09720000000000001,0.0915,0.0888,0.0502,0.09290000000000001,0.0786,0.0322,0.0329,0.0329,0.0296,0.0438,0.0351,0.0313,0.0325,0.0324,0.0824,0.0849,0.08080000000000001,0.1203,0.1075,0.1087,0.0005,0.008700000000000001,0.0201,0.0597,0.051300000000000005,0.0161,0.1012,0.101,0.1047,0.2087,0.1917,0.1917,0.1125,0.1306,0.139,0.2685,0.2543,0.2686,0.161,0.1761,0.1597,0.07540000000000001,0.0665,0.0655,0.08030000000000001,0.06770000000000001,0.06810000000000001,0.0716
pos_4091-6-amino-2-{[1-(2-amino-3-hydroxypropanoyl)pyrrolidin-2-yl]formamido}hexanoic acid,0.051800000000000006,0.0512,0.06330000000000001,0.06470000000000001,0.06380000000000001,0.074,0.0514,0.0504,0.053700000000000005,0.048100000000000004,0.053500000000000006,0.057100000000000005,0.0478,0.0477,0.0448,0.051300000000000005,0.038900000000000004,0.0505,0.057300000000000004,0.0553,0.06520000000000001,0.0142,0.012,0.023700000000000002,0.2006,0.2137,0.2335,0.2172,0.21730000000000002,0.2114,0.12150000000000001,0.1202,0.11420000000000001,0.1631,0.19010000000000002,0.18680000000000002,0.1398,0.1386,0.1424,0.1411,0.13670000000000002,0.155,0.088,0.09960000000000001,0.09290000000000001,0.0952,0.09720000000000001,0.08990000000000001,0.0864
"pos_4309-1-[(3-hydroxy-6-{[5-(methoxymethyl)-1,2-oxazol-3-yl]methyl}oxan-2-yl)methyl]-3-(propan-2-yl)urea",0.138,0.1285,0.124,0.09290000000000001,0.0884,0.0823,0.1298,0.1283,0.1313,0.1177,0.1278,0.1168,0.1482,0.1486,0.1593,0.13540000000000002,0.1279,0.1348,0.1575,0.168,0.1623,0.007200000000000001,0.0506,0.061700000000000005,0.08650000000000001,0.10790000000000001,0.1259,0.15660000000000002,0.1457,0.14750000000000002,0.1658,0.1957,0.1806,0.11520000000000001,0.094,0.1165,0.38470000000000004,0.4017,0.3861,0.21050000000000002,0.1724,0.1918,0.1477,0.12840000000000001,0.1545,0.15230000000000002,0.14780000000000001,0.1579,0.16160000000000002
"pos_4453-6,7-Dimethyl-8-(1-D-ribityl)lumazine",0.12860000000000002,0.12,0.11760000000000001,0.1174,0.1207,0.1274,0.1952,0.2026,0.1758,0.2421,0.24550000000000002,0.24730000000000002,0.18030000000000002,0.18630000000000002,0.1854,0.273,0.2549,0.2672,0.234,0.24180000000000001,0.24650000000000002,0.0014,0.0028,0.001,0.0074,0.01,0.006500000000000001,0.006,0.006,0.0071,0.0112,0.011300000000000001,0.0049,0.0083,0.0061,0.0068000000000000005,0.015300000000000001,0.0195,0.0172,0.0187,0.024300000000000002,0.0194,0.12240000000000001,0.124,0.1311,0.1267,0.12510000000000002,0.1277,0.1307
pos_6733-UNPD141246,0.025400000000000002,0.022500000000000003,0.02,0.024800000000000003,0.0287,0.027,0.014,0.0143,0.0151,0.020300000000000002,0.020200000000000003,0.0224,0.013600000000000001,0.018600000000000002,0.0176,0.013300000000000001,0.015300000000000001,0.0171,0.014700000000000001,0.0123,0.015600000000000001,0.0024000000000000002,0.011600000000000001,0.011300000000000001,0.13440000000000002,0.1258,0.1222,0.1202,0.1263,0.13440000000000002,0.1216,0.09530000000000001,0.11420000000000001,0.0741,0.0761,0.081,0.028,0.0252,0.0122,0.0422,0.056900000000000006,0.0533,0.034,0.0308,0.0291,0.0322,0.031100000000000003,0.027,0.031100000000000003
pos_4909-2-[2-(2-amino-3-hydroxybutanamido)-3-methylbutanamido]-5-[(diaminomethylidene)amino]pentanoic acid,0.3936,0.39430000000000004,0.40340000000000004,0.3562,0.328,0.37060000000000004,0.14,0.1335,0.1532,0.2637,0.2174,0.21430000000000002,0.13340000000000002,0.1506,0.1296,0.1331,0.1298,0.1272,0.1612,0.152,0.1613,0.0048000000000000004,0.046900000000000004,0.039,0.49670000000000003,0.4954,0.532,0.4554,0.3815,0.4076,0.33280000000000004,0.4043,0.3417,0.6832,0.6745,0.6758000000000001,0.1605,0.19970000000000002,0.1517,0.28950000000000004,0.2505,0.2594,0.3029,0.28150000000000003,0.259,0.26480000000000004,0.2581,0.2523,0.252
"pos_5662-N-[2-(3,4-dihydroxyphenyl)ethyl]-2-[4-(3-hydroxy-6-methyl-4-oxo-4H-pyran-2-yl)thian-4-yl]acetamide",0.0799,0.0623,0.046,0.0292,0.0325,0.0356,0.0415,0.0685,0.044500000000000005,0.0228,0.0219,0.0217,0.0081,0.008700000000000001,0.0079,0.0762,0.0775,0.0728,0.0645,0.0697,0.0801,0.0,0.0029000000000000002,0.0021000000000000003,0.010100000000000001,0.0159,0.013000000000000001,0.0219,0.0256,0.0149,0.054400000000000004,0.051000000000000004,0.0499,0.0088,0.011,0.011600000000000001,0.0128,0.0199,0.013800000000000002,0.0519,0.0373,0.051500000000000004,0.045700000000000005,0.028800000000000003,0.0405,0.033,0.031400000000000004,0.030600000000000002,0.032600000000000004
pos_5711-Hamachilobene D,0.1379,0.1279,0.1325,0.10650000000000001,0.11750000000000001,0.10300000000000001,0.1263,0.1355,0.12810000000000002,0.1494,0.1515,0.1598,0.19440000000000002,0.18730000000000002,0.19010000000000002,0.12,0.12860000000000002,0.1436,0.1274,0.1164,0.1332,0.015600000000000001,0.1563,0.033800000000000004,0.2711,0.2691,0.2884,0.22060000000000002,0.2114,0.2442,0.5670000000000001,0.6705,0.6473,0.5941000000000001,0.6454000000000001,0.5856,0.3754,0.3504,0.3422,0.3487,0.29650000000000004,0.3206,0.1774,0.1877,0.1865,0.1933,0.19540000000000002,0.2074,0.20320000000000002
pos_5888-CNP0446828,0.0158,0.012700000000000001,0.013300000000000001,0.009300000000000001,0.0071,0.0089,0.0228,0.024800000000000003,0.0269,0.033800000000000004,0.0323,0.0298,0.0199,0.024900000000000002,0.025,0.014700000000000001,0.014100000000000001,0.010700000000000001,0.0155,0.016,0.0142,0.0,0.0134,0.001,0.0679,0.06430000000000001,0.0623,0.0499,0.0468,0.0417,0.1587,0.15410000000000001,0.1584,0.0971,0.08600000000000001,0.0887,0.024900000000000002,0.0302,0.038200000000000005,0.0597,0.045200000000000004,0.0567,0.028800000000000003,0.027800000000000002,0.0304,0.0291,0.030100000000000002,0.029500000000000002,0.036000000000000004
pos_6191,0.1075,0.1047,0.093,0.099,0.1012,0.1029,0.0751,0.07440000000000001,0.0719,0.0536,0.0536,0.0555,0.0985,0.09670000000000001,0.1032,0.0893,0.0795,0.0684,0.09530000000000001,0.1109,0.1109,0.0068000000000000005,0.0623,0.0132,0.081,0.1068,0.11710000000000001,0.11120000000000001,0.0946,0.082,0.12860000000000002,0.1052,0.1278,0.11380000000000001,0.098,0.098,0.1287,0.1056,0.109,0.1547,0.13620000000000002,0.11080000000000001,0.0611,0.0621,0.0621,0.061700000000000005,0.061,0.0613,0.0707
pos_6807-LysoPC(16:0),0.2088,0.1559,0.18680000000000002,0.4904,0.4812,0.48410000000000003,0.1668,0.1694,0.1502,0.1469,0.1486,0.1534,0.191,0.1854,0.19160000000000002,0.1295,0.1381,0.12490000000000001,0.12610000000000002,0.1315,0.1439,0.0,0.0044,0.0167,1.0874,0.9821000000000001,0.9432,0.3548,0.383,0.3912,1.1247,1.1667,1.1356,0.7747,0.7661,0.7457,0.7215,0.7461,0.7583000000000001,0.3297,0.3176,0.32480000000000003,0.3141,0.3366,0.3219,0.321,0.30810000000000004,0.333,0.3407
pos_888-Indoleacetaldehyde,0.0476,0.0323,0.0324,0.0753,0.0747,0.0732,0.11270000000000001,0.1194,0.09680000000000001,0.09530000000000001,0.10060000000000001,0.0999,0.08940000000000001,0.0784,0.0833,0.0738,0.0613,0.07050000000000001,0.1275,0.1285,0.15080000000000002,0.0199,0.0497,0.0395,0.47050000000000003,0.44220000000000004,0.5821000000000001,0.32070000000000004,0.30610000000000004,0.314,0.1663,0.1703,0.1627,0.1034,0.1212,0.1111,0.1373,0.14,0.1505,0.16690000000000002,0.18080000000000002,0.1912,0.1087,0.1159,0.11180000000000001,0.1206,0.1227,0.1262,0.1097
